CrossName,Gender,Born,Assay.Date,Time,Notes
2F,Male,11/14/2013,11/19/2013,1.41,
2F,Male,11/14/2013,11/19/2013,1.81,
2F,Male,11/14/2013,11/19/2013,2.22,
2F,Male,11/14/2013,11/19/2013,2.55,
2F,Male,11/14/2013,11/19/2013,2.89,
2F,Male,11/14/2013,11/19/2013,3.18,
2F,Male,11/14/2013,11/19/2013,3.42,
2F,Male,11/14/2013,11/19/2013,3.74,
2F,Male,11/14/2013,11/19/2013,4.23,
2F,Male,11/14/2013,11/19/2013,4.52,
2F,Male,11/14/2013,11/19/2013,1.54,
2F,Male,11/14/2013,11/19/2013,1.54,
2F,Male,11/14/2013,11/19/2013,1.54,
2F,Male,11/14/2013,11/19/2013,1.54,
2F,Male,11/14/2013,11/19/2013,1.54,
2F,Male,11/14/2013,11/19/2013,1.54,
2F,Male,11/14/2013,11/19/2013,1.54,
2F,Male,11/14/2013,11/19/2013,1.54,
2F,Male,11/14/2013,11/19/2013,1.54,
2F,Male,11/14/2013,11/19/2013,1.54,
2F,Male,11/14/2013,11/19/2013,0.93,
2F,Male,11/14/2013,11/19/2013,1.69,
2F,Male,11/14/2013,11/19/2013,2.43,
2F,Male,11/14/2013,11/19/2013,3.09,
2F,Male,11/14/2013,11/19/2013,4.5,
2F,Male,11/14/2013,11/19/2013,5.17,
2F,Male,11/14/2013,11/19/2013,5.84,
2F,Male,11/14/2013,11/19/2013,0.89,
2F,Male,11/14/2013,11/19/2013,1.91,
2F,Male,11/14/2013,11/19/2013,2.29,
2F,Male,11/14/2013,11/19/2013,2.66,
2F,Male,11/14/2013,11/19/2013,3,
2F,Male,11/14/2013,11/19/2013,3.52,
2F,Male,11/14/2013,11/19/2013,3.86,
2F,Male,11/14/2013,11/19/2013,4.26,
2F,Male,11/14/2013,11/19/2013,4.73,
2F,Male,11/14/2013,11/19/2013,5.16,
2F,Male,11/14/2013,11/19/2013,1.25,
2F,Male,11/14/2013,11/19/2013,1.58,
2F,Male,11/14/2013,11/19/2013,2.34,
2F,Male,11/14/2013,11/19/2013,3.1,
2F,Male,11/14/2013,11/19/2013,3.48,
2F,Male,11/14/2013,11/19/2013,7.98,
2F,Female,11/14/2013,11/19/2013,0.78,
2F,Female,11/14/2013,11/19/2013,1.44,
2F,Female,11/14/2013,11/19/2013,2.22,
2F,Female,11/14/2013,11/19/2013,2.88,
2F,Female,11/14/2013,11/19/2013,3.26,
2F,Female,11/14/2013,11/19/2013,3.67,
2F,Female,11/14/2013,11/19/2013,4.55,
2F,Female,11/14/2013,11/19/2013,5.99,
2F,Female,11/14/2013,11/19/2013,6.78,
2F,Female,11/14/2013,11/19/2013,9.57,
2F,Female,11/14/2013,11/19/2013,2.71,
2F,Female,11/14/2013,11/19/2013,3.35,
2F,Female,11/14/2013,11/19/2013,4.26,
2F,Female,11/14/2013,11/19/2013,4.63,
2F,Female,11/14/2013,11/19/2013,5.01,
2F,Female,11/14/2013,11/19/2013,5.46,
2F,Female,11/14/2013,11/19/2013,1.94,
2F,Female,11/14/2013,11/19/2013,2.26,
2F,Female,11/14/2013,11/19/2013,2.68,
2F,Female,11/14/2013,11/19/2013,3.05,
2F,Female,11/14/2013,11/19/2013,3.87,
2F,Female,11/14/2013,11/19/2013,4.73,
2F,Female,11/14/2013,11/19/2013,11.73,
2F,Male,11/14/2013,11/19/2013,1.04,
2F,Male,11/14/2013,11/19/2013,1.37,
2F,Male,11/14/2013,11/19/2013,1.73,
2F,Male,11/14/2013,11/19/2013,2.05,
2F,Male,11/14/2013,11/19/2013,2.33,
2F,Male,11/14/2013,11/19/2013,2.62,
2F,Male,11/14/2013,11/19/2013,2.96,
2F,Male,11/14/2013,11/19/2013,3.64,
2F,Male,11/14/2013,11/19/2013,4.45,
2F,Male,11/14/2013,11/19/2013,7.2,
2F,Male,11/14/2013,11/19/2013,1.37,
2F,Male,11/14/2013,11/19/2013,1.85,
2F,Male,11/14/2013,11/19/2013,2.18,
2F,Male,11/14/2013,11/19/2013,2.56,
2F,Male,11/14/2013,11/19/2013,3.68,
2F,Male,11/14/2013,11/19/2013,4.06,
2F,Male,11/14/2013,11/19/2013,4.57,
2F,Male,11/14/2013,11/19/2013,5.19,
2F,Male,11/14/2013,11/19/2013,6.62,
2F,Male,11/14/2013,11/19/2013,8.67,
2F,Female,11/14/2013,11/19/2013,1.73,
2F,Female,11/14/2013,11/19/2013,2.36,
2F,Female,11/14/2013,11/19/2013,3.15,
2F,Female,11/14/2013,11/19/2013,4.12,
2F,Female,11/14/2013,11/19/2013,4.49,
2F,Female,11/14/2013,11/19/2013,5.07,
2F,Female,11/14/2013,11/19/2013,5.51,
2F,Female,11/14/2013,11/19/2013,7.33,
2F,Female,11/14/2013,11/19/2013,3.51,
2F,Female,11/14/2013,11/19/2013,11.09,
2F,Female,11/14/2013,11/19/2013,0.94,
2F,Female,11/14/2013,11/19/2013,1.61,
2F,Female,11/14/2013,11/19/2013,3.89,
2F,Female,11/14/2013,11/19/2013,4.32,
2F,Female,11/14/2013,11/19/2013,4.84,
2F,Female,11/14/2013,11/19/2013,6.54,
2F,Female,11/14/2013,11/19/2013,6.91,
2F,Female,11/14/2013,11/19/2013,7.24,
2F,Female,11/14/2013,11/19/2013,7.51,
2F,Female,11/14/2013,11/19/2013,8.28,
2F,Female,11/14/2013,11/19/2013,1.81,
2F,Female,11/14/2013,11/19/2013,2.29,
2F,Female,11/14/2013,11/19/2013,2.57,
2F,Female,11/14/2013,11/19/2013,3.09,
2F,Female,11/14/2013,11/19/2013,3.94,
2F,Female,11/14/2013,11/19/2013,4.27,
2F,Female,11/14/2013,11/19/2013,4.54,
2F,Female,11/14/2013,11/19/2013,6.57,
2F,Female,11/14/2013,11/19/2013,8.6,
2F,Female,11/14/2013,11/19/2013,14.99,
2E,Male,11/14/2013,11/19/2013,1.89,
2E,Male,11/14/2013,11/19/2013,4.75,
2E,Female,11/14/2013,11/19/2013,1.8,
2E,Female,11/14/2013,11/19/2013,2.22,
2E,Female,11/14/2013,11/19/2013,2.94,
2E,Female,11/14/2013,11/19/2013,3.78,
2E,Female,11/14/2013,11/19/2013,4.11,
2E,Female,11/14/2013,11/19/2013,4.64,
2E,Female,11/14/2013,11/19/2013,6.26,
2E,Female,11/14/2013,11/19/2013,3.22,
2E,Female,11/14/2013,11/19/2013,4.04,
2E,Female,11/14/2013,11/19/2013,4.51,
2E,Female,11/14/2013,11/19/2013,5.08,
2E,Female,11/14/2013,11/19/2013,6.52,
2E,Female,11/14/2013,11/19/2013,7.61,
2E,Female,11/14/2013,11/19/2013,17.04,
2E,Female,11/14/2013,11/19/2013,1.73,
2E,Female,11/14/2013,11/19/2013,2.24,
2E,Female,11/14/2013,11/19/2013,2.62,
2E,Female,11/14/2013,11/19/2013,3.11,
2E,Female,11/14/2013,11/19/2013,4.31,
2E,Female,11/14/2013,11/19/2013,5.55,
2E,Female,11/14/2013,11/19/2013,6.13,
2E,Female,11/14/2013,11/19/2013,7.18,
2E,Female,11/14/2013,11/19/2013,5.3,
2E,Female,11/14/2013,11/19/2013,34.78,
2E,Female,11/14/2013,11/19/2013,1.29,
2E,Female,11/14/2013,11/19/2013,1.77,
2E,Female,11/14/2013,11/19/2013,2.26,
2E,Female,11/14/2013,11/19/2013,2.49,
2E,Female,11/14/2013,11/19/2013,2.82,
2E,Female,11/14/2013,11/19/2013,4,
2E,Female,11/14/2013,11/19/2013,4.95,
2E,Female,11/14/2013,11/19/2013,4.7,
2E,Female,11/14/2013,11/19/2013,5.86,
2D,Male,11/14/2013,11/19/2013,1.46,
2D,Male,11/14/2013,11/19/2013,1.82,
2D,Male,11/14/2013,11/19/2013,2.19,
2D,Male,11/14/2013,11/19/2013,2.48,
2D,Male,11/14/2013,11/19/2013,3.16,
2D,Male,11/14/2013,11/19/2013,5.67,
2D,Male,11/14/2013,11/19/2013,2.23,
2D,Male,11/14/2013,11/19/2013,2.56,
2D,Male,11/14/2013,11/19/2013,2.92,
2D,Male,11/14/2013,11/19/2013,3.74,
2D,Male,11/14/2013,11/19/2013,4.09,
2D,Male,11/14/2013,11/19/2013,11.34,
2C,Female,11/14/2013,11/19/2013,0.97,
2C,Female,11/14/2013,11/19/2013,1.59,
2C,Female,11/14/2013,11/19/2013,1.83,
2C,Female,11/14/2013,11/19/2013,2.02,
2C,Female,11/14/2013,11/19/2013,2.34,
2C,Female,11/14/2013,11/19/2013,2.82,
2C,Female,11/14/2013,11/19/2013,4.37,
2C,Female,11/14/2013,11/19/2013,4.61,
2C,Female,11/14/2013,11/19/2013,5.38,
2C,Female,11/14/2013,11/19/2013,5.84,
2D,Female,11/14/2013,11/19/2013,2.73,
2D,Female,11/14/2013,11/19/2013,3.59,
2D,Female,11/14/2013,11/19/2013,4.26,
2D,Female,11/14/2013,11/19/2013,4.55,
2D,Female,11/14/2013,11/19/2013,4.96,
2D,Female,11/14/2013,11/19/2013,5.2,
2D,Female,11/14/2013,11/19/2013,5.44,
2D,Female,11/14/2013,11/19/2013,5.71,
2D,Female,11/14/2013,11/19/2013,6.37,
2D,Female,11/14/2013,11/19/2013,6.58,
2D,Female,11/14/2013,11/19/2013,1.11,
2D,Female,11/14/2013,11/19/2013,1.7,
2D,Female,11/14/2013,11/19/2013,2.46,
2D,Female,11/14/2013,11/19/2013,2.74,
2D,Female,11/14/2013,11/19/2013,3.17,
2D,Female,11/14/2013,11/19/2013,3.36,
2D,Female,11/14/2013,11/19/2013,4.05,
2D,Female,11/14/2013,11/19/2013,5.36,
2D,Female,11/14/2013,11/19/2013,10.35,
2D,Female,11/14/2013,11/19/2013,11.34,
2D,Female,11/14/2013,11/19/2013,1.68,
2D,Female,11/14/2013,11/19/2013,2.06,
2D,Female,11/14/2013,11/19/2013,2.39,
2D,Female,11/14/2013,11/19/2013,3.89,
2D,Female,11/14/2013,11/19/2013,4.12,
2D,Female,11/14/2013,11/19/2013,4.42,
2D,Female,11/14/2013,11/19/2013,4.88,
2D,Female,11/14/2013,11/19/2013,5.4,
2D,Female,11/14/2013,11/19/2013,6.35,
2D,Female,11/14/2013,11/19/2013,12.32,
2D,Female,11/14/2013,11/19/2013,2.64,
2D,Female,11/14/2013,11/19/2013,2.92,
2D,Female,11/14/2013,11/19/2013,3.22,
2D,Female,11/14/2013,11/19/2013,3.71,
2D,Female,11/14/2013,11/19/2013,4.02,
2D,Female,11/14/2013,11/19/2013,4.3,
2D,Female,11/14/2013,11/19/2013,4.6,
2D,Female,11/14/2013,11/19/2013,5.45,
2D,Female,11/14/2013,11/19/2013,6.4,
2D,Female,11/14/2013,11/19/2013,14.68,
2D,Female,11/14/2013,11/19/2013,2.36,
2D,Female,11/14/2013,11/19/2013,2.74,
2D,Female,11/14/2013,11/19/2013,3.09,
2D,Female,11/14/2013,11/19/2013,3.51,
2D,Female,11/14/2013,11/19/2013,3.94,
2D,Female,11/14/2013,11/19/2013,4.59,
2D,Female,11/14/2013,11/19/2013,4.89,
2D,Female,11/14/2013,11/19/2013,5.19,
2D,Female,11/14/2013,11/19/2013,7.74,
2D,Female,11/14/2013,11/19/2013,12.2,
2D,Female,11/14/2013,11/19/2013,1.62,
2D,Female,11/14/2013,11/19/2013,2.4,
2D,Female,11/14/2013,11/19/2013,3.06,
2D,Female,11/14/2013,11/19/2013,3.41,
2D,Female,11/14/2013,11/19/2013,4.78,
2D,Female,11/14/2013,11/19/2013,5.46,
2D,Female,11/14/2013,11/19/2013,6.02,
2D,Female,11/14/2013,11/19/2013,7.72,
2D,Female,11/14/2013,11/19/2013,8.19,
2D,Female,11/14/2013,11/19/2013,12.77,
2D,Male,11/14/2013,11/19/2013,1.67,
2D,Male,11/14/2013,11/19/2013,2.06,
2D,Male,11/14/2013,11/19/2013,2.33,
2D,Male,11/14/2013,11/19/2013,2.54,
2D,Male,11/14/2013,11/19/2013,2.86,
2D,Male,11/14/2013,11/19/2013,3.74,
2D,Male,11/14/2013,11/19/2013,4.14,
2D,Male,11/14/2013,11/19/2013,5.17,
2D,Male,11/14/2013,11/19/2013,5.46,
2D,Male,11/14/2013,11/19/2013,6.35,
2D,Male,11/14/2013,11/19/2013,1.59,
2D,Male,11/14/2013,11/19/2013,2.51,
2D,Male,11/14/2013,11/19/2013,3.03,
2D,Male,11/14/2013,11/19/2013,3.53,
2D,Male,11/14/2013,11/19/2013,4.35,
2D,Male,11/14/2013,11/19/2013,4.35,
2D,Male,11/14/2013,11/19/2013,5.66,
2D,Male,11/14/2013,11/19/2013,5.86,
2D,Male,11/14/2013,11/19/2013,11.71,
2D,Male,11/14/2013,11/19/2013,4.66,
2D,Male,11/14/2013,11/19/2013,1.48,
2D,Male,11/14/2013,11/19/2013,2.02,
2D,Male,11/14/2013,11/19/2013,2.58,
2D,Male,11/14/2013,11/19/2013,2.82,
2D,Male,11/14/2013,11/19/2013,3.32,
2D,Male,11/14/2013,11/19/2013,3.59,
2D,Male,11/14/2013,11/19/2013,3.91,
2D,Male,11/14/2013,11/19/2013,4.11,
2D,Male,11/14/2013,11/19/2013,4.52,
2D,Male,11/14/2013,11/19/2013,5.22,
2C,Female,11/14/2013,11/19/2013,1.52,
2C,Female,11/14/2013,11/19/2013,2.16,
2C,Female,11/14/2013,11/19/2013,3.08,
2C,Female,11/14/2013,11/19/2013,3.54,
2C,Female,11/14/2013,11/19/2013,3.92,
2C,Female,11/14/2013,11/19/2013,4.66,
2C,Female,11/14/2013,11/19/2013,5.16,
2C,Female,11/14/2013,11/19/2013,6.46,
2C,Female,11/14/2013,11/19/2013,10.36,
2C,Female,11/14/2013,11/19/2013,12.27,
2C,Female,11/14/2013,11/19/2013,2.59,
2C,Female,11/14/2013,11/19/2013,2.98,
2C,Female,11/14/2013,11/19/2013,3.4,
2C,Female,11/14/2013,11/19/2013,4.02,
2C,Female,11/14/2013,11/19/2013,4.42,
2C,Female,11/14/2013,11/19/2013,4.8,
2C,Female,11/14/2013,11/19/2013,5.4,
2C,Female,11/14/2013,11/19/2013,5.77,
2C,Female,11/14/2013,11/19/2013,6.04,
2C,Female,11/14/2013,11/19/2013,6.32,
2C,Female,11/14/2013,11/19/2013,1.4,
2C,Female,11/14/2013,11/19/2013,1.8,
2C,Female,11/14/2013,11/19/2013,2.18,
2C,Female,11/14/2013,11/19/2013,2.61,
2C,Female,11/14/2013,11/19/2013,3.76,
2C,Female,11/14/2013,11/19/2013,4.09,
2C,Female,11/14/2013,11/19/2013,4.42,
2C,Female,11/14/2013,11/19/2013,6.16,
2C,Female,11/14/2013,11/19/2013,6.46,
2C,Female,11/14/2013,11/19/2013,7.76,
2C,Male,11/14/2013,11/19/2013,1.13,
2C,Male,11/14/2013,11/19/2013,1.9,
2C,Male,11/14/2013,11/19/2013,4.89,
2C,Male,11/14/2013,11/19/2013,6.65,
2C,Male,11/14/2013,11/19/2013,7.02,
2C,Male,11/14/2013,11/19/2013,8.31,
2C,Male,11/14/2013,11/19/2013,8.56,
2C,Male,11/14/2013,11/19/2013,1.11,
2C,Male,11/14/2013,11/19/2013,2.54,
2C,Male,11/14/2013,11/19/2013,3.08,
2C,Male,11/14/2013,11/19/2013,3.48,
2C,Male,11/14/2013,11/19/2013,3.7,
2C,Male,11/14/2013,11/19/2013,3.99,
2C,Male,11/14/2013,11/19/2013,4.19,
2C,Male,11/14/2013,11/19/2013,1.79,
2C,Male,11/14/2013,11/19/2013,2.09,
2C,Male,11/14/2013,11/19/2013,2.32,
2C,Male,11/14/2013,11/19/2013,2.61,
2C,Male,11/14/2013,11/19/2013,2.88,
2C,Male,11/14/2013,11/19/2013,3.19,
2C,Male,11/14/2013,11/19/2013,3.41,
2C,Male,11/14/2013,11/19/2013,3.73,
2C,Male,11/14/2013,11/19/2013,4.5,
2C,Male,11/14/2013,11/19/2013,4.69,
2C,Male,11/14/2013,11/19/2013,1.18,
2C,Male,11/14/2013,11/19/2013,1.76,
2C,Male,11/14/2013,11/19/2013,1.99,
2C,Male,11/14/2013,11/19/2013,2.26,
2C,Male,11/14/2013,11/19/2013,3,
2C,Male,11/14/2013,11/19/2013,3.27,
2C,Male,11/14/2013,11/19/2013,4.98,
2C,Male,11/14/2013,11/19/2013,2.26,
2C,Male,11/14/2013,11/19/2013,300,x
2C,Male,11/14/2013,11/19/2013,1.69,
2C,Male,11/14/2013,11/19/2013,1.92,
2C,Male,11/14/2013,11/19/2013,2.16,
2C,Male,11/14/2013,11/19/2013,2.41,
2C,Male,11/14/2013,11/19/2013,2.63,
2C,Male,11/14/2013,11/19/2013,3.07,
2C,Male,11/14/2013,11/19/2013,3.39,
2C,Male,11/14/2013,11/19/2013,6.19,
2C,Male,11/14/2013,11/19/2013,6.52,
2C,Male,11/14/2013,11/19/2013,15.88,
2C,Male,11/14/2013,11/19/2013,1.17,
2C,Male,11/14/2013,11/19/2013,1.49,
2C,Male,11/14/2013,11/19/2013,1.76,
2C,Male,11/14/2013,11/19/2013,2.06,
2C,Male,11/14/2013,11/19/2013,2.34,
2C,Male,11/14/2013,11/19/2013,2.54,
2C,Male,11/14/2013,11/19/2013,3.1,
2C,Male,11/14/2013,11/19/2013,3.32,
2C,Male,11/14/2013,11/19/2013,4.7,
2C,Male,11/14/2013,11/19/2013,7.67,
2C,Male,11/14/2013,11/19/2013,0.91,
2C,Male,11/14/2013,11/19/2013,1.15,
2C,Male,11/14/2013,11/19/2013,2.41,
2C,Male,11/14/2013,11/19/2013,2.65,
2C,Male,11/14/2013,11/19/2013,3.58,
2C,Male,11/14/2013,11/19/2013,4.49,
2C,Male,11/14/2013,11/19/2013,4.74,
2C,Male,11/14/2013,11/19/2013,6.37,
2C,Male,11/14/2013,11/19/2013,7.4,
2C,Male,11/14/2013,11/19/2013,9,
2C,Female,11/14/2013,11/19/2013,1.62,
2C,Female,11/14/2013,11/19/2013,2.42,
2C,Female,11/14/2013,11/19/2013,2.87,
2C,Female,11/14/2013,11/19/2013,3.52,
2C,Female,11/14/2013,11/19/2013,3.77,
2C,Female,11/14/2013,11/19/2013,6.93,
2C,Female,11/14/2013,11/19/2013,7.55,
2C,Female,11/14/2013,11/19/2013,7.85,
2C,Female,11/14/2013,11/19/2013,40.78,
2C,Female,11/14/2013,11/19/2013,58.61,
2C,Female,11/14/2013,11/19/2013,2.55,
2C,Female,11/14/2013,11/19/2013,2.77,
2C,Female,11/14/2013,11/19/2013,3.41,
2C,Female,11/14/2013,11/19/2013,4.25,
2C,Female,11/14/2013,11/19/2013,4.48,
2C,Female,11/14/2013,11/19/2013,5.47,
2C,Female,11/14/2013,11/19/2013,6.83,
2C,Female,11/14/2013,11/19/2013,8.74,
2C,Female,11/14/2013,11/19/2013,10.28,
2C,Female,11/14/2013,11/19/2013,13.22,
2B,Female,11/14/2013,11/19/2013,1.36,
2B,Female,11/14/2013,11/19/2013,1.67,
2B,Female,11/14/2013,11/19/2013,1.95,
2B,Female,11/14/2013,11/19/2013,2.46,
2B,Female,11/14/2013,11/19/2013,3.33,
2B,Female,11/14/2013,11/19/2013,3.57,
2B,Female,11/14/2013,11/19/2013,3.84,
2B,Female,11/14/2013,11/19/2013,4.59,
2B,Female,11/14/2013,11/19/2013,7.82,
2B,Female,11/14/2013,11/19/2013,8.97,
2B,Female,11/14/2013,11/19/2013,1.78,
2B,Female,11/14/2013,11/19/2013,2.54,
2B,Female,11/14/2013,11/19/2013,2.88,
2B,Female,11/14/2013,11/19/2013,3.3,
2B,Female,11/14/2013,11/19/2013,3.92,
2B,Female,11/14/2013,11/19/2013,4.35,
2B,Female,11/14/2013,11/19/2013,5.79,
2B,Female,11/14/2013,11/19/2013,8.55,
2B,Female,11/14/2013,11/19/2013,10.46,
2B,Female,11/14/2013,11/19/2013,10.87,
2B,Female,11/14/2013,11/19/2013,2.93,
2B,Female,11/14/2013,11/19/2013,3.73,
2B,Female,11/14/2013,11/19/2013,4.46,
2B,Female,11/14/2013,11/19/2013,4.46,
2B,Female,11/14/2013,11/19/2013,4.7,
2B,Female,11/14/2013,11/19/2013,4.91,
2B,Female,11/14/2013,11/19/2013,5.61,
2B,Female,11/14/2013,11/19/2013,6.82,
2B,Female,11/14/2013,11/19/2013,8.06,
2B,Female,11/14/2013,11/19/2013,9.9,
2B,Female,11/14/2013,11/19/2013,1.41,
2B,Female,11/14/2013,11/19/2013,2.01,
2B,Female,11/14/2013,11/19/2013,2.32,
2B,Female,11/14/2013,11/19/2013,2.65,
2B,Female,11/14/2013,11/19/2013,2.85,
2B,Female,11/14/2013,11/19/2013,4.09,
2B,Female,11/14/2013,11/19/2013,4.38,
2B,Female,11/14/2013,11/19/2013,4.92,
2B,Female,11/14/2013,11/19/2013,6.61,
2B,Female,11/14/2013,11/19/2013,7.2,
2B,Female,11/14/2013,11/19/2013,1.51,
2B,Female,11/14/2013,11/19/2013,1.82,
2B,Female,11/14/2013,11/19/2013,2.27,
2B,Female,11/14/2013,11/19/2013,2.69,
2B,Female,11/14/2013,11/19/2013,3.24,
2B,Female,11/14/2013,11/19/2013,3.55,
2B,Female,11/14/2013,11/19/2013,3.89,
2B,Female,11/14/2013,11/19/2013,4.32,
2B,Female,11/14/2013,11/19/2013,4.96,
2B,Female,11/14/2013,11/19/2013,5.58,
2B,Female,11/14/2013,11/19/2013,2.55,
2B,Female,11/14/2013,11/19/2013,3.48,
2B,Female,11/14/2013,11/19/2013,3.89,
2B,Female,11/14/2013,11/19/2013,4.26,
2B,Female,11/14/2013,11/19/2013,4.95,
2B,Female,11/14/2013,11/19/2013,5.23,
2B,Female,11/14/2013,11/19/2013,6.86,
2B,Female,11/14/2013,11/19/2013,8.38,
2B,Female,11/14/2013,11/19/2013,8.98,
2B,Female,11/14/2013,11/19/2013,10.66,
2B,Male,11/14/2013,11/19/2013,1.83,
2B,Male,11/14/2013,11/19/2013,2.58,
2B,Male,11/14/2013,11/19/2013,2.95,
2B,Male,11/14/2013,11/19/2013,3.29,
2B,Male,11/14/2013,11/19/2013,4.35,
2B,Male,11/14/2013,11/19/2013,5.8,
2B,Male,11/14/2013,11/19/2013,1.21,
2B,Male,11/14/2013,11/19/2013,2.5,
2B,Male,11/14/2013,11/19/2013,2.69,
2B,Male,11/14/2013,11/19/2013,2.95,
2B,Male,11/14/2013,11/19/2013,6.06,
2B,Male,11/14/2013,11/19/2013,6.3,
2B,Male,11/14/2013,11/19/2013,6.49,
2B,Male,11/14/2013,11/19/2013,6.49,
2BB,Female,11/22/2013,11/25/2013,1.63,
2BB,Female,11/22/2013,11/25/2013,2.17,
2BB,Female,11/22/2013,11/25/2013,2.96,
2BB,Female,11/22/2013,11/25/2013,3.47,
2BB,Female,11/22/2013,11/25/2013,4.13,
2BB,Female,11/22/2013,11/25/2013,5.22,
2BB,Female,11/22/2013,11/25/2013,6.38,
2BB,Female,11/22/2013,11/25/2013,7.12,
2BB,Female,11/22/2013,11/25/2013,7.77,
2BB,Female,11/22/2013,11/25/2013,8.63,
2BB,Female,11/22/2013,11/25/2013,3.71,
2BB,Female,11/22/2013,11/25/2013,5.04,
2BB,Female,11/22/2013,11/25/2013,5.4,
2BB,Female,11/22/2013,11/25/2013,7.29,
2BB,Female,11/22/2013,11/25/2013,8.1,
2BB,Female,11/22/2013,11/25/2013,8.46,
2BB,Female,11/22/2013,11/25/2013,8.85,
2BB,Female,11/22/2013,11/25/2013,12.68,
2BB,Female,11/22/2013,11/25/2013,18.47,
2BB,Female,11/22/2013,11/25/2013,19.51,
2BB,Female,11/22/2013,11/25/2013,2.68,
2BB,Female,11/22/2013,11/25/2013,3.76,
2BB,Female,11/22/2013,11/25/2013,5.16,
2BB,Female,11/22/2013,11/25/2013,5.66,
2BB,Female,11/22/2013,11/25/2013,5.94,
2BB,Female,11/22/2013,11/25/2013,7.37,
2BB,Female,11/22/2013,11/25/2013,7.88,
2BB,Female,11/22/2013,11/25/2013,8.3,
2BB,Female,11/22/2013,11/25/2013,9.12,
2BB,Female,11/22/2013,11/25/2013,22.54,
2BB,Female,11/22/2013,11/25/2013,3.12,
2BB,Female,11/22/2013,11/25/2013,3.71,
2BB,Female,11/22/2013,11/25/2013,5.34,
2BB,Female,11/22/2013,11/25/2013,6.42,
2BB,Female,11/22/2013,11/25/2013,6.95,
2BB,Female,11/22/2013,11/25/2013,7.64,
2BB,Female,11/22/2013,11/25/2013,12.57,
2BB,Female,11/22/2013,11/25/2013,13.05,
2BB,Male,11/22/2013,11/25/2013,1.97,
2BB,Male,11/22/2013,11/25/2013,4.05,
2BB,Male,11/22/2013,11/25/2013,6.51,
2BB,Male,11/22/2013,11/25/2013,8.26,
2BB,Male,11/22/2013,11/25/2013,11.64,
2BB,Male,11/22/2013,11/25/2013,32.52,
2BB,Male,11/22/2013,11/25/2013,45.54,
2BB,Male,11/22/2013,11/25/2013,3.01,
2BB,Male,11/22/2013,11/25/2013,3.51,
2BB,Male,11/22/2013,11/25/2013,3.98,
2BB,Male,11/22/2013,11/25/2013,6.21,
2BB,Male,11/22/2013,11/25/2013,7.88,
2BB,Male,11/22/2013,11/25/2013,9.22,
2CC,Male,11/22/2013,11/25/2013,1.2,
2CC,Male,11/22/2013,11/25/2013,1.92,
2CC,Male,11/22/2013,11/25/2013,2.46,
2CC,Male,11/22/2013,11/25/2013,2.85,
2CC,Male,11/22/2013,11/25/2013,3.9,
2CC,Male,11/22/2013,11/25/2013,6.16,
2CC,Male,11/22/2013,11/25/2013,6.57,
2CC,Male,11/22/2013,11/25/2013,9.63,
2CC,Male,11/22/2013,11/25/2013,21.31,
2CC,Male,11/22/2013,11/25/2013,9.93,
2CC,Male,11/22/2013,11/25/2013,2.43,
2CC,Male,11/22/2013,11/25/2013,3.83,
2CC,Male,11/22/2013,11/25/2013,4.74,
2CC,Male,11/22/2013,11/25/2013,4.46,
2CC,Male,11/22/2013,11/25/2013,5.16,
2CC,Male,11/22/2013,11/25/2013,5.56,
2CC,Male,11/22/2013,11/25/2013,5.89,
2CC,Male,11/22/2013,11/25/2013,6.3,
2CC,Male,11/22/2013,11/25/2013,6.79,
2CC,Male,11/22/2013,11/25/2013,9.3,
2CC,Male,11/22/2013,11/25/2013,2.73,
2CC,Male,11/22/2013,11/25/2013,4.2,
2CC,Male,11/22/2013,11/25/2013,4.56,
2CC,Male,11/22/2013,11/25/2013,5.01,
2CC,Male,11/22/2013,11/25/2013,5.44,
2CC,Male,11/22/2013,11/25/2013,5.71,
2CC,Male,11/22/2013,11/25/2013,6.06,
2CC,Male,11/22/2013,11/25/2013,6.5,
2CC,Male,11/22/2013,11/25/2013,7.27,
2CC,Male,11/22/2013,11/25/2013,14.7,
2CC,Male,11/22/2013,11/25/2013,1.23,
2CC,Male,11/22/2013,11/25/2013,2.74,
2CC,Male,11/22/2013,11/25/2013,3.52,
2CC,Male,11/22/2013,11/25/2013,4.15,
2CC,Male,11/22/2013,11/25/2013,4.53,
2CC,Male,11/22/2013,11/25/2013,6.08,
2CC,Male,11/22/2013,11/25/2013,7.27,
2CC,Male,11/22/2013,11/25/2013,7.65,
2CC,Male,11/22/2013,11/25/2013,9.38,
2CC,Male,11/22/2013,11/25/2013,10.07,
2CC,Male,11/22/2013,11/26/2013,1.12,
2CC,Male,11/22/2013,11/26/2013,1.81,
2CC,Male,11/22/2013,11/26/2013,2.26,
2CC,Male,11/22/2013,11/26/2013,2.55,
2CC,Male,11/22/2013,11/26/2013,2.84,
2CC,Male,11/22/2013,11/26/2013,3.48,
2CC,Male,11/22/2013,11/26/2013,4.48,
2CC,Male,11/22/2013,11/26/2013,4.73,
2CC,Male,11/22/2013,11/26/2013,4.92,
2CC,Male,11/22/2013,11/26/2013,5.09,
2CC,Female,11/22/2013,11/26/2013,2.34,
2CC,Female,11/22/2013,11/26/2013,2.65,
2CC,Female,11/22/2013,11/26/2013,3.76,
2CC,Female,11/22/2013,11/26/2013,4.23,
2CC,Female,11/22/2013,11/26/2013,4.66,
2CC,Female,11/22/2013,11/26/2013,5.2,
2CC,Female,11/22/2013,11/26/2013,7.7,
2CC,Female,11/22/2013,11/26/2013,12.75,
2CC,Female,11/22/2013,11/26/2013,16.65,
2CC,Female,11/22/2013,11/26/2013,300,x
2CC,Female,11/22/2013,11/26/2013,0.98,
2CC,Female,11/22/2013,11/26/2013,1.47,
2CC,Female,11/22/2013,11/26/2013,3.34,
2CC,Female,11/22/2013,11/26/2013,5.13,
2CC,Female,11/22/2013,11/26/2013,5.37,
2CC,Female,11/22/2013,11/26/2013,6.95,
2CC,Female,11/22/2013,11/26/2013,12.46,
2CC,Female,11/22/2013,11/26/2013,17.2,
2CC,Female,11/22/2013,11/26/2013,18.75,
2CC,Female,11/22/2013,11/26/2013,47.04,
2CC,Female,11/22/2013,11/26/2013,1.09,
2CC,Female,11/22/2013,11/26/2013,2.97,
2CC,Female,11/22/2013,11/26/2013,5.27,
2CC,Female,11/22/2013,11/26/2013,5.92,
2CC,Female,11/22/2013,11/26/2013,7.78,
2CC,Female,11/22/2013,11/26/2013,10.64,
2CC,Female,11/22/2013,11/26/2013,35.64,
2CC,Female,11/22/2013,11/26/2013,5.41,
2CC,Female,11/22/2013,11/26/2013,8.11,
2CC,Female,11/22/2013,11/26/2013,8.41,
2CC,Female,11/22/2013,11/26/2013,21.39,
2CC,Female,11/22/2013,11/26/2013,300,x
2CC,Female,11/22/2013,11/26/2013,300,x
2DD,Male,11/22/2013,11/26/2013,1.13,
2DD,Male,11/22/2013,11/26/2013,1.82,
2DD,Male,11/22/2013,11/26/2013,2.67,
2DD,Male,11/22/2013,11/26/2013,3.02,
2DD,Male,11/22/2013,11/26/2013,3.3,
2DD,Male,11/22/2013,11/26/2013,4.91,
2DD,Male,11/22/2013,11/26/2013,7.6,
2DD,Male,11/22/2013,11/26/2013,9.82,
2DD,Female,11/22/2013,11/26/2013,2.75,
2DD,Female,11/22/2013,11/26/2013,3.13,
2DD,Female,11/22/2013,11/26/2013,3.6,
2DD,Female,11/22/2013,11/26/2013,3.87,
2DD,Female,11/22/2013,11/26/2013,6.05,
2DD,Female,11/22/2013,11/26/2013,7.17,
2DD,Female,11/22/2013,11/26/2013,7.8,
2DD,Female,11/22/2013,11/26/2013,8.75,
2DD,Female,11/22/2013,11/26/2013,10.52,
2DD,Female,11/22/2013,11/26/2013,11.87,
2DD,Female,11/22/2013,11/26/2013,2.21,
2DD,Female,11/22/2013,11/26/2013,2.44,
2DD,Female,11/22/2013,11/26/2013,3.32,
2DD,Female,11/22/2013,11/26/2013,4.88,
2DD,Female,11/22/2013,11/26/2013,5.19,
2DD,Female,11/22/2013,11/26/2013,5.45,
2DD,Female,11/22/2013,11/26/2013,5.75,
2DD,Female,11/22/2013,11/26/2013,6.02,
2DD,Female,11/22/2013,11/26/2013,12.92,
2DD,Female,11/22/2013,11/26/2013,20.38,
2DD,Female,11/22/2013,11/26/2013,2.41,
2DD,Female,11/22/2013,11/26/2013,3.7,
2DD,Female,11/22/2013,11/26/2013,4.03,
2DD,Female,11/22/2013,11/26/2013,4.8,
2DD,Female,11/22/2013,11/26/2013,5.65,
2DD,Female,11/22/2013,11/26/2013,6.29,
2DD,Female,11/22/2013,11/26/2013,6.61,
2DD,Female,11/22/2013,11/26/2013,7.07,
2DD,Female,11/22/2013,11/26/2013,8.83,
2DD,Female,11/22/2013,11/26/2013,11.62,
2DD,Female,11/22/2013,11/26/2013,1.49,
2DD,Female,11/22/2013,11/26/2013,3.02,
2DD,Female,11/22/2013,11/26/2013,5.11,
2DD,Female,11/22/2013,11/26/2013,5.96,
2DD,Female,11/22/2013,11/26/2013,6.27,
2DD,Female,11/22/2013,11/26/2013,12.76,
2DD,Female,11/22/2013,11/26/2013,12.99,
2CC,Female,11/22/2013,11/26/2013,2.92,
2CC,Female,11/22/2013,11/26/2013,4.31,
2CC,Female,11/22/2013,11/26/2013,5.24,
2CC,Female,11/22/2013,11/26/2013,5.59,
2CC,Female,11/22/2013,11/26/2013,6.21,
2CC,Female,11/22/2013,11/26/2013,7.86,
2CC,Female,11/22/2013,11/26/2013,11.09,
2CC,Female,11/22/2013,11/26/2013,15.22,
2CC,Female,11/22/2013,11/26/2013,21.97,
2CC,Female,11/22/2013,11/26/2013,25.91,
2CC,Female,11/22/2013,11/26/2013,2.72,
2CC,Female,11/22/2013,11/26/2013,3.27,
2CC,Female,11/22/2013,11/26/2013,3.76,
2CC,Female,11/22/2013,11/26/2013,4.07,
2CC,Female,11/22/2013,11/26/2013,4.57,
2CC,Female,11/22/2013,11/26/2013,5.32,
2CC,Female,11/22/2013,11/26/2013,13.67,
2CC,Female,11/22/2013,11/26/2013,15.01,
2CC,Female,11/22/2013,11/26/2013,35.43,
2CC,Female,11/22/2013,11/26/2013,87.07,
2CC,Female,11/22/2013,11/26/2013,2.56,
2CC,Female,11/22/2013,11/26/2013,2.95,
2CC,Female,11/22/2013,11/26/2013,4.07,
2CC,Female,11/22/2013,11/26/2013,5.66,
2CC,Female,11/22/2013,11/26/2013,5.93,
2CC,Female,11/22/2013,11/26/2013,6.59,
2CC,Female,11/22/2013,11/26/2013,7.96,
2CC,Female,11/22/2013,11/26/2013,10.49,
2CC,Female,11/22/2013,11/26/2013,18.64,
2CC,Female,11/22/2013,11/26/2013,300,x
2DD,Female,11/22/2013,11/26/2013,2.95,
2DD,Female,11/22/2013,11/26/2013,3.58,
2DD,Female,11/22/2013,11/26/2013,4.76,
2DD,Female,11/22/2013,11/26/2013,5.33,
2DD,Female,11/22/2013,11/26/2013,6.18,
2DD,Female,11/22/2013,11/26/2013,6.98,
2DD,Female,11/22/2013,11/26/2013,8.3,
2DD,Female,11/22/2013,11/26/2013,9.6,
2DD,Male,11/22/2013,11/26/2013,2.08,
2DD,Male,11/22/2013,11/26/2013,2.39,
2DD,Male,11/22/2013,11/26/2013,2.98,
2DD,Male,11/22/2013,11/26/2013,4.41,
2DD,Male,11/22/2013,11/26/2013,6.08,
2DD,Male,11/22/2013,11/26/2013,6.5,
2DD,Male,11/22/2013,11/26/2013,6.95,
2DD,Male,11/22/2013,11/26/2013,10.71,
2DD,Male,11/22/2013,11/26/2013,10.95,
2DD,Male,11/22/2013,11/26/2013,15.51,
2DD,Male,11/22/2013,11/26/2013,2.38,
2DD,Male,11/22/2013,11/26/2013,2.68,
2DD,Male,11/22/2013,11/26/2013,2.91,
2DD,Male,11/22/2013,11/26/2013,3.28,
2DD,Male,11/22/2013,11/26/2013,3.52,
2DD,Male,11/22/2013,11/26/2013,3.9,
2DD,Male,11/22/2013,11/26/2013,4.18,
2DD,Male,11/22/2013,11/26/2013,4.42,
2DD,Male,11/22/2013,11/26/2013,5.12,
2DD,Male,11/22/2013,11/26/2013,5.55,
2DD,Male,11/22/2013,11/26/2013,3.06,
2DD,Male,11/22/2013,11/26/2013,3.39,
2DD,Male,11/22/2013,11/26/2013,3.85,
2DD,Male,11/22/2013,11/26/2013,4.17,
2DD,Male,11/22/2013,11/26/2013,4.39,
2DD,Male,11/22/2013,11/26/2013,4.75,
2DD,Male,11/22/2013,11/26/2013,5.01,
2DD,Male,11/22/2013,11/26/2013,5.31,
2DD,Male,11/22/2013,11/26/2013,5.73,
2DD,Male,11/22/2013,11/26/2013,6.35,
2DD,Male,11/22/2013,11/26/2013,2.29,
2DD,Male,11/22/2013,11/26/2013,2.67,
2DD,Male,11/22/2013,11/26/2013,2.99,
2DD,Male,11/22/2013,11/26/2013,3.22,
2DD,Male,11/22/2013,11/26/2013,3.5,
2DD,Male,11/22/2013,11/26/2013,3.82,
2DD,Male,11/22/2013,11/26/2013,4.05,
2DD,Male,11/22/2013,11/26/2013,4.48,
2DD,Male,11/22/2013,11/26/2013,6.57,
2DD,Male,11/22/2013,11/26/2013,9.69,
Y1,Female,11/24/2013,11/26/2013,3.39,
Y1,Female,11/24/2013,11/26/2013,4.96,
Y1,Female,11/24/2013,11/26/2013,6.46,
Y1,Female,11/24/2013,11/26/2013,6.8,
Y1,Female,11/24/2013,11/26/2013,7.79,
Y1,Female,11/24/2013,11/26/2013,8.96,
2FF,Male,11/22/2013,11/26/2013,1.25,
2FF,Male,11/22/2013,11/26/2013,1.62,
2FF,Male,11/22/2013,11/26/2013,2.69,
2FF,Male,11/22/2013,11/26/2013,3.32,
2FF,Male,11/22/2013,11/26/2013,3.74,
2FF,Male,11/22/2013,11/26/2013,5.55,
2FF,Male,11/22/2013,11/26/2013,9.73,
2FF,Male,11/22/2013,11/26/2013,19.86,
2FF,Male,11/22/2013,11/26/2013,1.45,
2FF,Male,11/22/2013,11/26/2013,2.42,
2FF,Male,11/22/2013,11/26/2013,2.79,
2FF,Male,11/22/2013,11/26/2013,3.1,
2FF,Male,11/22/2013,11/26/2013,3.42,
2FF,Male,11/22/2013,11/26/2013,3.76,
2FF,Male,11/22/2013,11/26/2013,4.19,
2FF,Male,11/22/2013,11/26/2013,4.86,
2FF,Male,11/22/2013,11/26/2013,5.22,
2FF,Male,11/22/2013,11/26/2013,5.69,
2FF,Male,11/22/2013,11/26/2013,2.56,
2FF,Male,11/22/2013,11/26/2013,2.79,
2FF,Male,11/22/2013,11/26/2013,3.03,
2FF,Male,11/22/2013,11/26/2013,3.28,
2FF,Male,11/22/2013,11/26/2013,3.47,
2FF,Male,11/22/2013,11/26/2013,4.22,
2FF,Male,11/22/2013,11/26/2013,4.62,
2FF,Male,11/22/2013,11/26/2013,4.93,
2FF,Male,11/22/2013,11/26/2013,5.26,
2FF,Male,11/22/2013,11/26/2013,6.32,
2FF,Male,11/22/2013,11/26/2013,1.56,
2FF,Male,11/22/2013,11/26/2013,2.13,
2FF,Male,11/22/2013,11/26/2013,2.77,
2FF,Male,11/22/2013,11/26/2013,3.09,
2FF,Male,11/22/2013,11/26/2013,3.37,
2FF,Male,11/22/2013,11/26/2013,3.69,
2FF,Male,11/22/2013,11/26/2013,4.83,
2FF,Male,11/22/2013,11/26/2013,5.14,
2FF,Male,11/22/2013,11/26/2013,5.54,
2FF,Male,11/22/2013,11/26/2013,5.86,
2FF,Male,11/22/2013,11/26/2013,1.78,
2FF,Male,11/22/2013,11/26/2013,2.42,
2FF,Male,11/22/2013,11/26/2013,2.83,
2FF,Male,11/22/2013,11/26/2013,3.12,
2FF,Male,11/22/2013,11/26/2013,3.45,
2FF,Male,11/22/2013,11/26/2013,3.87,
2FF,Male,11/22/2013,11/26/2013,4.54,
2FF,Male,11/22/2013,11/26/2013,5.16,
2FF,Male,11/22/2013,11/26/2013,5.61,
2FF,Male,11/22/2013,11/26/2013,6.99,
2FF,Male,11/22/2013,11/26/2013,2.68,
2FF,Male,11/22/2013,11/26/2013,2.93,
2FF,Male,11/22/2013,11/26/2013,3.17,
2FF,Male,11/22/2013,11/26/2013,3.46,
2FF,Male,11/22/2013,11/26/2013,3.86,
2FF,Male,11/22/2013,11/26/2013,4.12,
2FF,Male,11/22/2013,11/26/2013,4.43,
2FF,Male,11/22/2013,11/26/2013,5.17,
2EE,Female,11/22/2013,11/26/2013,3.68,
2EE,Female,11/22/2013,11/26/2013,4.08,
2EE,Female,11/22/2013,11/26/2013,4.76,
2EE,Female,11/22/2013,11/26/2013,5.1,
2EE,Female,11/22/2013,11/26/2013,5.56,
2EE,Female,11/22/2013,11/26/2013,5.95,
2EE,Female,11/22/2013,11/26/2013,6.39,
2EE,Female,11/22/2013,11/26/2013,6.76,
2EE,Female,11/22/2013,11/26/2013,7.16,
2EE,Female,11/22/2013,11/26/2013,14.99,
2EE,Female,11/22/2013,11/26/2013,2.01,
2EE,Female,11/22/2013,11/26/2013,3.45,
2EE,Female,11/22/2013,11/26/2013,4.31,
2EE,Female,11/22/2013,11/26/2013,4.62,
2EE,Female,11/22/2013,11/26/2013,5,
2EE,Female,11/22/2013,11/26/2013,5.31,
2EE,Female,11/22/2013,11/26/2013,5.57,
2EE,Female,11/22/2013,11/26/2013,7.33,
2EE,Female,11/22/2013,11/26/2013,9.71,
2EE,Female,11/22/2013,11/26/2013,15.77,
2EE,Female,11/22/2013,11/26/2013,4.11,
2EE,Female,11/22/2013,11/26/2013,4.56,
2EE,Female,11/22/2013,11/26/2013,5.32,
2EE,Female,11/22/2013,11/26/2013,6.05,
2EE,Female,11/22/2013,11/26/2013,6.33,
2EE,Female,11/22/2013,11/26/2013,7.12,
2EE,Female,11/22/2013,11/26/2013,7.4,
2EE,Female,11/22/2013,11/26/2013,8.11,
2EE,Female,11/22/2013,11/26/2013,12.77,
2EE,Female,11/22/2013,11/26/2013,13.57,
2EE,Female,11/22/2013,11/26/2013,1.33,
2EE,Female,11/22/2013,11/26/2013,2.39,
2EE,Female,11/22/2013,11/26/2013,4.06,
2EE,Female,11/22/2013,11/26/2013,5.27,
2EE,Female,11/22/2013,11/26/2013,6.05,
2EE,Female,11/22/2013,11/26/2013,6.95,
2EE,Female,11/22/2013,11/26/2013,9,
2EE,Female,11/22/2013,11/26/2013,11.95,
2EE,Female,11/22/2013,11/26/2013,18.12,
2EE,Female,11/22/2013,11/26/2013,18.41,
2FF,Female,11/22/2013,11/26/2013,3.28,
2FF,Female,11/22/2013,11/26/2013,3.67,
2FF,Female,11/22/2013,11/26/2013,4.12,
2FF,Female,11/22/2013,11/26/2013,4.8,
2FF,Female,11/22/2013,11/26/2013,5.42,
2FF,Female,11/22/2013,11/26/2013,5.97,
2FF,Female,11/22/2013,11/26/2013,6.29,
2FF,Female,11/22/2013,11/26/2013,6.75,
2FF,Female,11/22/2013,11/26/2013,7.93,
2FF,Female,11/22/2013,11/26/2013,10.94,
2FF,Female,11/22/2013,11/26/2013,1.34,
2FF,Female,11/22/2013,11/26/2013,2.55,
2FF,Female,11/22/2013,11/26/2013,3.46,
2FF,Female,11/22/2013,11/26/2013,3.96,
2FF,Female,11/22/2013,11/26/2013,4.71,
2FF,Female,11/22/2013,11/26/2013,4.98,
2FF,Female,11/22/2013,11/26/2013,5.41,
2FF,Female,11/22/2013,11/26/2013,5.83,
2FF,Female,11/22/2013,11/26/2013,6.16,
2FF,Female,11/22/2013,11/26/2013,16.41,
2FF,Female,11/22/2013,11/26/2013,2.22,
2FF,Female,11/22/2013,11/26/2013,4.56,
2FF,Female,11/22/2013,11/26/2013,5.47,
2FF,Female,11/22/2013,11/26/2013,6.3,
2FF,Female,11/22/2013,11/26/2013,6.61,
2FF,Female,11/22/2013,11/26/2013,7.11,
2FF,Female,11/22/2013,11/26/2013,7.68,
2FF,Female,11/22/2013,11/26/2013,9.43,
2FF,Female,11/22/2013,11/26/2013,9.97,
2FF,Female,11/22/2013,11/26/2013,11.65,
2FF,Female,11/22/2013,11/26/2013,3.88,
2FF,Female,11/22/2013,11/26/2013,4.54,
2FF,Female,11/22/2013,11/26/2013,4.92,
2FF,Female,11/22/2013,11/26/2013,5.25,
2FF,Female,11/22/2013,11/26/2013,5.52,
2FF,Female,11/22/2013,11/26/2013,5.97,
2FF,Female,11/22/2013,11/26/2013,6.4,
2FF,Female,11/22/2013,11/26/2013,6.75,
2FF,Female,11/22/2013,11/26/2013,7.05,
2FF,Female,11/22/2013,11/26/2013,18.7,
2FF,Female,11/22/2013,11/26/2013,2.36,
2FF,Female,11/22/2013,11/26/2013,2.63,
2FF,Female,11/22/2013,11/26/2013,2.94,
2FF,Female,11/22/2013,11/26/2013,3.17,
2FF,Female,11/22/2013,11/26/2013,3.42,
2FF,Female,11/22/2013,11/26/2013,4.72,
2FF,Female,11/22/2013,11/26/2013,4.97,
2FF,Female,11/22/2013,11/26/2013,8.34,
3A,Male,11/24/2013,11/26/2013,1.73,
3A,Male,11/24/2013,11/26/2013,3.24,
3A,Male,11/24/2013,11/26/2013,3.52,
3A,Male,11/24/2013,11/26/2013,4.01,
3A,Male,11/24/2013,11/26/2013,4.42,
3A,Male,11/24/2013,11/26/2013,6.03,
3A,Male,11/24/2013,11/26/2013,7.89,
3A,Female,11/24/2013,11/26/2013,3.31,
3A,Female,11/24/2013,11/26/2013,3.79,
3A,Female,11/24/2013,11/26/2013,4.23,
3A,Female,11/24/2013,11/26/2013,4.81,
3A,Female,11/24/2013,11/26/2013,5.12,
3A,Female,11/24/2013,11/26/2013,5.46,
3A,Female,11/24/2013,11/26/2013,5.71,
3A,Female,11/24/2013,11/26/2013,6.02,
3A,Female,11/24/2013,11/26/2013,6.41,
3A,Female,11/24/2013,11/26/2013,12.47,
Y1,Male,11/24/2013,11/26/2013,4.06,
Y1,Male,11/24/2013,11/26/2013,4.44,
Y1,Male,11/24/2013,11/26/2013,4.69,
Y1,Male,11/24/2013,11/26/2013,5.03,
Y1,Male,11/24/2013,11/26/2013,5.4,
Y1,Male,11/24/2013,11/26/2013,5.7,
Y1,Male,11/24/2013,11/26/2013,6.6,
Y1,Male,11/24/2013,11/26/2013,10.87,
Y1,Male,11/24/2013,11/26/2013,3.48,
Y1,Male,11/24/2013,11/26/2013,4.02,
Y1,Male,11/24/2013,11/26/2013,4.35,
Y1,Male,11/24/2013,11/26/2013,5,
Y1,Male,11/24/2013,11/26/2013,5.42,
Y1,Male,11/24/2013,11/26/2013,5.98,
Y1,Male,11/24/2013,11/26/2013,7.69,
Y1,Male,11/24/2013,11/26/2013,28.12,
Y1,Female,11/24/2013,11/26/2013,3.07,
Y1,Female,11/24/2013,11/26/2013,3.78,
Y1,Female,11/24/2013,11/26/2013,4.1,
Y1,Female,11/24/2013,11/26/2013,4.35,
Y1,Female,11/24/2013,11/26/2013,8.3,
Y1,Female,11/24/2013,11/26/2013,12.19,
2CC,Female,11/22/2013,11/26/2013,13.05,
2CC,Female,11/22/2013,11/26/2013,15.24,
2CC,Female,11/22/2013,11/26/2013,31.97,
2CC,Female,11/22/2013,11/26/2013,36.38,
2CC,Female,11/22/2013,11/26/2013,43.58,
2CC,Female,11/22/2013,11/26/2013,69.18,
2CC,Female,11/22/2013,11/26/2013,77.11,
2CC,Female,11/22/2013,11/26/2013,43.87,
2CC,Female,11/22/2013,11/26/2013,86.93,
2CC,Female,11/22/2013,11/26/2013,123.84,
X2,Male,11/29/2013,12/3/2013,2.37,
X2,Male,11/29/2013,12/3/2013,2.7,
X2,Male,11/29/2013,12/3/2013,3.15,
X2,Male,11/29/2013,12/3/2013,5.65,
X2,Male,11/29/2013,12/3/2013,5.97,
X2,Male,11/29/2013,12/3/2013,6.29,
X2,Male,11/29/2013,12/3/2013,8.52,
X2,Male,11/29/2013,12/3/2013,2.79,
X2,Male,11/29/2013,12/3/2013,3.58,
X2,Male,11/29/2013,12/3/2013,3.9,
X2,Male,11/29/2013,12/3/2013,4.41,
X2,Male,11/29/2013,12/3/2013,4.81,
X2,Male,11/29/2013,12/3/2013,5.49,
X2,Male,11/29/2013,12/3/2013,5.9,
X2,Female,11/29/2013,12/3/2013,2.23,
X2,Female,11/29/2013,12/3/2013,2.65,
X2,Female,11/29/2013,12/3/2013,3.84,
X2,Female,11/29/2013,12/3/2013,4.1,
X2,Female,11/29/2013,12/3/2013,5.77,
X2,Female,11/29/2013,12/3/2013,6.06,
X2,Female,11/29/2013,12/3/2013,9.97,
X2,Female,11/29/2013,12/3/2013,10.25,
X2,Female,11/29/2013,12/3/2013,14.32,
X2,Female,11/29/2013,12/3/2013,2.14,
X2,Female,11/29/2013,12/3/2013,2.87,
X2,Female,11/29/2013,12/3/2013,3.11,
X2,Female,11/29/2013,12/3/2013,4.32,
X2,Female,11/29/2013,12/3/2013,5.25,
X2,Female,11/29/2013,12/3/2013,6.17,
X2,Female,11/29/2013,12/3/2013,10.41,
X2,Female,11/29/2013,12/3/2013,13.53,
X2,Female,11/29/2013,12/3/2013,38.15,
Y2,Male,11/29/2013,12/3/2013,1.62,
Y2,Male,11/29/2013,12/3/2013,1.98,
Y2,Male,11/29/2013,12/3/2013,2.59,
Y2,Male,11/29/2013,12/3/2013,3.07,
Y2,Male,11/29/2013,12/3/2013,3.3,
Y2,Male,11/29/2013,12/3/2013,3.93,
Y2,Male,11/29/2013,12/3/2013,5.6,
Y2,Male,11/29/2013,12/3/2013,6.46,
Y2,Male,11/29/2013,12/3/2013,8.54,
Y2,Male,11/29/2013,12/3/2013,2.83,
Y2,Male,11/29/2013,12/3/2013,2.13,
Y2,Male,11/29/2013,12/3/2013,2.35,
Y2,Male,11/29/2013,12/3/2013,3.43,
Y2,Male,11/29/2013,12/3/2013,4.47,
Y2,Male,11/29/2013,12/3/2013,5.2,
Y2,Male,11/29/2013,12/3/2013,6.06,
Y2,Male,11/29/2013,12/3/2013,16.25,
Y2,Male,11/29/2013,12/3/2013,1.17,
Y2,Male,11/29/2013,12/3/2013,2.13,
Y2,Male,11/29/2013,12/3/2013,2.54,
Y2,Male,11/29/2013,12/3/2013,4.66,
Y2,Male,11/29/2013,12/3/2013,4.89,
Y2,Male,11/29/2013,12/3/2013,6.5,
Y2,Male,11/29/2013,12/3/2013,3.65,
Y2,Male,11/29/2013,12/3/2013,1.15,
Y2,Male,11/29/2013,12/3/2013,2.5,
Y2,Male,11/29/2013,12/3/2013,3.81,
Y2,Male,11/29/2013,12/3/2013,4.08,
Y2,Male,11/29/2013,12/3/2013,5.06,
Y2,Male,11/29/2013,12/3/2013,5.53,
Y2,Male,11/29/2013,12/3/2013,7.1,
Y2,Male,11/29/2013,12/3/2013,8.17,
Y2,Male,11/29/2013,12/3/2013,15.91,
Y2,Male,11/29/2013,12/3/2013,29.41,
Y2,Male,11/29/2013,12/3/2013,2.62,
Y2,Male,11/29/2013,12/3/2013,4.06,
Y2,Male,11/29/2013,12/3/2013,4.39,
Y2,Male,11/29/2013,12/3/2013,5.17,
Y2,Male,11/29/2013,12/3/2013,6.3,
Y2,Male,11/29/2013,12/3/2013,6.59,
Y2,Male,11/29/2013,12/3/2013,7.05,
Y2,Male,11/29/2013,12/3/2013,8.55,
Y2,Male,11/29/2013,12/3/2013,10.03,
Y2,Male,11/29/2013,12/3/2013,10.81,
Y2,Female,11/29/2013,12/3/2013,4.11,
Y2,Female,11/29/2013,12/3/2013,7.01,
Y2,Female,11/29/2013,12/3/2013,8.38,
Y2,Female,11/29/2013,12/3/2013,8.71,
Y2,Female,11/29/2013,12/3/2013,12.1,
Y2,Female,11/29/2013,12/3/2013,31.89,
Y2,Female,11/29/2013,12/3/2013,35,
Y2,Female,11/29/2013,12/3/2013,2.88,
Y2,Female,11/29/2013,12/3/2013,3.51,
Y2,Female,11/29/2013,12/3/2013,3.9,
Y2,Female,11/29/2013,12/3/2013,4.85,
Y2,Female,11/29/2013,12/3/2013,7.72,
Y2,Female,11/29/2013,12/3/2013,10.38,
Y2,Female,11/29/2013,12/3/2013,12.56,
Y2,Female,11/29/2013,12/3/2013,12.98,
Y2,Female,11/29/2013,12/3/2013,28,
Y2,Female,11/29/2013,12/3/2013,56.19,
Y2,Female,11/29/2013,12/3/2013,2.19,
Y2,Female,11/29/2013,12/3/2013,2.41,
Y2,Female,11/29/2013,12/3/2013,3.08,
Y2,Female,11/29/2013,12/3/2013,3.59,
Y2,Female,11/29/2013,12/3/2013,3.89,
Y2,Female,11/29/2013,12/3/2013,4.51,
Y2,Female,11/29/2013,12/3/2013,5.1,
Y2,Female,11/29/2013,12/3/2013,7.23,
Y2,Female,11/29/2013,12/3/2013,10.54,
Y2,Female,11/29/2013,12/3/2013,17.04,
Y2,Female,11/29/2013,12/3/2013,6.37,
Y2,Female,11/29/2013,12/3/2013,6.87,
Y2,Female,11/29/2013,12/3/2013,7.58,
Y2,Female,11/29/2013,12/3/2013,9.96,
Y2,Female,11/29/2013,12/3/2013,9.96,
Y2,Female,11/29/2013,12/3/2013,11,
Y2,Female,11/29/2013,12/3/2013,11.71,
Y2,Female,11/29/2013,12/3/2013,20.19,
Y2,Female,11/29/2013,12/3/2013,300,x
Y2,Female,11/29/2013,12/3/2013,300,x
2EEE,Female,11/29/2013,12/3/2013,1.16,
2EEE,Female,11/29/2013,12/3/2013,1.43,
2EEE,Female,11/29/2013,12/3/2013,2.56,
2EEE,Female,11/29/2013,12/3/2013,2.84,
2EEE,Female,11/29/2013,12/3/2013,3.49,
2EEE,Female,11/29/2013,12/3/2013,4.32,
2EEE,Female,11/29/2013,12/3/2013,4.99,
2EEE,Female,11/29/2013,12/3/2013,8.35,
2EEE,Female,11/29/2013,12/3/2013,9.03,
2EEE,Female,11/29/2013,12/3/2013,12.06,
2EEE,Female,11/29/2013,12/3/2013,1.75,
2EEE,Female,11/29/2013,12/3/2013,2.28,
2EEE,Female,11/29/2013,12/3/2013,3.17,
2EEE,Female,11/29/2013,12/3/2013,4.01,
2EEE,Female,11/29/2013,12/3/2013,4.67,
2EEE,Female,11/29/2013,12/3/2013,5.98,
2EEE,Female,11/29/2013,12/3/2013,8.93,
2EEE,Female,11/29/2013,12/3/2013,9.94,
2EEE,Female,11/29/2013,12/3/2013,1.68,
2EEE,Female,11/29/2013,12/3/2013,1.88,
2EEE,Female,11/29/2013,12/3/2013,2.17,
2EEE,Female,11/29/2013,12/3/2013,2.44,
2EEE,Female,11/29/2013,12/3/2013,4.22,
2EEE,Female,11/29/2013,12/3/2013,4.88,
2EEE,Female,11/29/2013,12/3/2013,7.47,
2EEE,Female,11/29/2013,12/3/2013,14.73,
Z2,Female,11/29/2013,12/3/2013,3.11,
Z2,Female,11/29/2013,12/3/2013,3.39,
Z2,Female,11/29/2013,12/3/2013,3.67,
Z2,Female,11/29/2013,12/3/2013,3.89,
Z2,Female,11/29/2013,12/3/2013,4.17,
Z2,Female,11/29/2013,12/3/2013,4.17,
Z2,Female,11/29/2013,12/3/2013,4.42,
Z2,Female,11/29/2013,12/3/2013,4.65,
Z2,Female,11/29/2013,12/3/2013,4.93,
Z2,Female,11/29/2013,12/3/2013,6,
Z2,Female,11/29/2013,12/3/2013,2.76,
Z2,Female,11/29/2013,12/3/2013,2.99,
Z2,Female,11/29/2013,12/3/2013,3.21,
Z2,Female,11/29/2013,12/3/2013,3.49,
Z2,Female,11/29/2013,12/3/2013,3.75,
Z2,Female,11/29/2013,12/3/2013,4.03,
Z2,Female,11/29/2013,12/3/2013,4.31,
Z2,Female,11/29/2013,12/3/2013,4.81,
Z2,Female,11/29/2013,12/3/2013,5.38,
Z2,Female,11/29/2013,12/3/2013,6.7,
Z2,Female,11/29/2013,12/3/2013,1.19,
Z2,Female,11/29/2013,12/3/2013,1.88,
Z2,Female,11/29/2013,12/3/2013,2.66,
Z2,Female,11/29/2013,12/3/2013,3.18,
Z2,Female,11/29/2013,12/3/2013,4.03,
Z2,Female,11/29/2013,12/3/2013,6.05,
Z2,Female,11/29/2013,12/3/2013,6.42,
Z2,Female,11/29/2013,12/3/2013,2.78,
Z2,Female,11/29/2013,12/3/2013,3.87,
Z2,Female,11/29/2013,12/3/2013,5.07,
Z2,Female,11/29/2013,12/3/2013,5.44,
Z2,Female,11/29/2013,12/3/2013,5.77,
Z2,Female,11/29/2013,12/3/2013,6.45,
Z2,Female,11/29/2013,12/3/2013,7.17,
Z2,Female,11/29/2013,12/3/2013,7.62,
Z2,Male,11/29/2013,12/3/2013,1.37,
Z2,Male,11/29/2013,12/3/2013,2.39,
Z2,Male,11/29/2013,12/3/2013,2.93,
Z2,Male,11/29/2013,12/3/2013,3.62,
Z2,Male,11/29/2013,12/3/2013,4,
Z2,Male,11/29/2013,12/3/2013,4.67,
Z2,Male,11/29/2013,12/3/2013,5.15,
Z2,Male,11/29/2013,12/3/2013,2.55,
Z2,Male,11/29/2013,12/3/2013,2.86,
Z2,Male,11/29/2013,12/3/2013,3.43,
Z2,Male,11/29/2013,12/3/2013,3.64,
Z2,Male,11/29/2013,12/3/2013,3.99,
Z2,Male,11/29/2013,12/3/2013,4.43,
Z2,Male,11/29/2013,12/3/2013,4.71,
Z2,Male,11/29/2013,12/3/2013,14.79,
Z2,Male,11/29/2013,12/3/2013,1.5,
Z2,Male,11/29/2013,12/3/2013,2.59,
Z2,Male,11/29/2013,12/3/2013,3.13,
Z2,Male,11/29/2013,12/3/2013,3.49,
Z2,Male,11/29/2013,12/3/2013,3.91,
Z2,Male,11/29/2013,12/3/2013,4.46,
Z2,Male,11/29/2013,12/3/2013,4.81,
Z2,Male,11/29/2013,12/3/2013,6.15,
Z2,Male,11/29/2013,12/3/2013,6.98,
Z2,Male,11/29/2013,12/3/2013,11.7,
Z2,Male,11/29/2013,12/3/2013,1.64,
Z2,Male,11/29/2013,12/3/2013,2.27,
Z2,Male,11/29/2013,12/3/2013,2.51,
Z2,Male,11/29/2013,12/3/2013,2.96,
Z2,Male,11/29/2013,12/3/2013,3.38,
Z2,Male,11/29/2013,12/3/2013,3.67,
Z2,Male,11/29/2013,12/3/2013,3.87,
Z2,Male,11/29/2013,12/3/2013,4.15,
Z2,Male,11/29/2013,12/3/2013,4.39,
Z2,Male,11/29/2013,12/3/2013,4.78,
Y2,Female,11/29/2013,12/3/2013,3.9,
Y2,Female,11/29/2013,12/3/2013,4.57,
Y2,Female,11/29/2013,12/3/2013,7.87,
Y2,Female,11/29/2013,12/3/2013,12.92,
Y2,Female,11/29/2013,12/3/2013,15.84,
Y2,Female,11/29/2013,12/3/2013,17.17,
Y2,Female,11/29/2013,12/3/2013,18.54,
Y2,Female,11/29/2013,12/3/2013,37.4,
Y2,Female,11/29/2013,12/3/2013,51.9,
Y2,Female,11/29/2013,12/3/2013,12.3,
2B,Male,11/14/2013,12/11/2013,0.92,
2B,Male,11/14/2013,12/11/2013,1.86,
2B,Male,11/14/2013,12/11/2013,2.66,
2B,Male,11/14/2013,12/11/2013,2.98,
2B,Male,11/14/2013,12/11/2013,3.8,
2B,Male,11/14/2013,12/11/2013,5.13,
2B,Male,11/14/2013,12/11/2013,10.56,
2C,Male,11/14/2013,12/11/2013,3.1,
2C,Male,11/14/2013,12/11/2013,3.35,
2C,Male,11/14/2013,12/11/2013,6.31,
2C,Male,11/14/2013,12/11/2013,8.09,
2C,Male,11/14/2013,12/11/2013,9.93,
2C,Male,11/14/2013,12/11/2013,12.63,
2E,Female,11/14/2013,12/11/2013,2.04,
2E,Female,11/14/2013,12/11/2013,3.09,
2E,Female,11/14/2013,12/11/2013,4.91,
2E,Female,11/14/2013,12/11/2013,14.16,
2E,Female,11/14/2013,12/11/2013,1.93,
2E,Female,11/14/2013,12/11/2013,5.11,
2F,Female,11/14/2013,12/11/2013,2,
2F,Female,11/14/2013,12/11/2013,4.25,
2F,Female,11/14/2013,12/11/2013,4.66,
2F,Female,11/14/2013,12/11/2013,6.14,
2F,Female,11/14/2013,12/11/2013,8.29,
2C,Female,11/14/2013,12/11/2013,2.74,
2C,Female,11/14/2013,12/11/2013,3.84,
2C,Female,11/14/2013,12/11/2013,4.99,
2C,Female,11/14/2013,12/11/2013,6.03,
2C,Female,11/14/2013,12/11/2013,6.76,
2C,Female,11/14/2013,12/11/2013,7.8,
2C,Female,11/14/2013,12/11/2013,18.92,
2C,Female,11/14/2013,12/11/2013,29.1,
2F,Male,11/14/2013,12/11/2013,1.51,
2F,Male,11/14/2013,12/11/2013,3.84,
2F,Male,11/14/2013,12/11/2013,4.41,
2F,Male,11/14/2013,12/11/2013,4.69,
2F,Male,11/14/2013,12/11/2013,6.05,
2F,Male,11/14/2013,12/11/2013,6.26,
2F,Male,11/14/2013,12/11/2013,6.68,
2F,Male,11/14/2013,12/11/2013,6.95,
2F,Male,11/14/2013,12/11/2013,8.34,
2F,Male,11/14/2013,12/11/2013,14.75,
2D,Female,11/14/2013,12/11/2013,2.07,
2D,Female,11/14/2013,12/11/2013,3.96,
2D,Female,11/14/2013,12/11/2013,4.37,
2D,Female,11/14/2013,12/11/2013,5.12,
2D,Female,11/14/2013,12/11/2013,5.57,
2D,Female,11/14/2013,12/11/2013,6.1,
2D,Female,11/14/2013,12/11/2013,6.57,
2D,Female,11/14/2013,12/11/2013,9.36,
2F,Male,11/14/2013,12/11/2013,1.09,
2F,Male,11/14/2013,12/11/2013,1.65,
2F,Male,11/14/2013,12/11/2013,2.33,
2F,Male,11/14/2013,12/11/2013,3,
2F,Male,11/14/2013,12/11/2013,3.42,
2F,Male,11/14/2013,12/11/2013,3.69,
2F,Male,11/14/2013,12/11/2013,4.04,
2F,Male,11/14/2013,12/11/2013,4.31,
2F,Male,11/14/2013,12/11/2013,5.4,
2F,Male,11/14/2013,12/11/2013,6.62,
2F,Male,11/14/2013,12/11/2013,1.1,
2F,Male,11/14/2013,12/11/2013,2.79,
2F,Male,11/14/2013,12/11/2013,3.21,
2F,Male,11/14/2013,12/11/2013,6.57,
2F,Male,11/14/2013,12/11/2013,17.46,
2F,Male,11/14/2013,12/11/2013,17.77,
2D,Female,11/14/2013,12/11/2013,3.43,
2D,Female,11/14/2013,12/11/2013,4.26,
2D,Female,11/14/2013,12/11/2013,6.3,
2D,Female,11/14/2013,12/11/2013,6.72,
2D,Female,11/14/2013,12/11/2013,7,
2D,Female,11/14/2013,12/11/2013,7.72,
2D,Female,11/14/2013,12/11/2013,9.84,
2D,Female,11/14/2013,12/11/2013,11.58,
2D,Female,11/14/2013,12/11/2013,11.88,
2D,Male,11/14/2013,12/11/2013,1.39,
2D,Male,11/14/2013,12/11/2013,3.58,
2D,Male,11/14/2013,12/11/2013,4.64,
2D,Male,11/14/2013,12/11/2013,7.79,
2D,Male,11/14/2013,12/11/2013,16.12,
2D,Male,11/14/2013,12/11/2013,35.62,
2F,Male,11/14/2013,12/11/2013,1.4,
2F,Male,11/14/2013,12/11/2013,5.56,
2F,Male,11/14/2013,12/11/2013,7.8,
2F,Male,11/14/2013,12/11/2013,10.52,
2F,Male,11/14/2013,12/11/2013,12.07,
2F,Male,11/14/2013,12/11/2013,12.27,
2F,Male,11/14/2013,12/11/2013,14.42,
2F,Male,11/14/2013,12/11/2013,17.51,
2F,Male,11/14/2013,12/11/2013,25.46,
2F,Male,11/14/2013,12/11/2013,38.49,
2F,Female,11/14/2013,12/11/2013,0.92,
2F,Female,11/14/2013,12/11/2013,2.63,
2F,Female,11/14/2013,12/11/2013,3.77,
2F,Female,11/14/2013,12/11/2013,5.95,
2F,Female,11/14/2013,12/11/2013,6.69,
2F,Female,11/14/2013,12/11/2013,8.94,
2F,Female,11/14/2013,12/11/2013,11.22,
2F,Female,11/14/2013,12/11/2013,11.81,
2F,Female,11/14/2013,12/11/2013,17.15,
2F,Female,11/14/2013,12/11/2013,27.08,
2F,Female,11/14/2013,12/11/2013,0.96,
2F,Female,11/14/2013,12/11/2013,2.27,
2F,Female,11/14/2013,12/11/2013,2.62,
2F,Female,11/14/2013,12/11/2013,2.97,
2F,Female,11/14/2013,12/11/2013,3.25,
2F,Female,11/14/2013,12/11/2013,11.22,
2F,Female,11/14/2013,12/11/2013,3.58,
2F,Female,11/14/2013,12/11/2013,3.88,
2F,Female,11/14/2013,12/11/2013,4.1,
2F,Female,11/14/2013,12/11/2013,4.94,
2F,Female,11/14/2013,12/11/2013,5.82,
2F,Female,11/14/2013,12/11/2013,6.06,
2F,Female,11/14/2013,12/11/2013,8.03,
2F,Female,11/14/2013,12/11/2013,15.33,
2F,Female,11/14/2013,12/11/2013,20.86,
2F,Female,11/14/2013,12/11/2013,21.12,
2C,Female,11/14/2013,12/11/2013,2.16,
2C,Female,11/14/2013,12/11/2013,3.64,
2C,Female,11/14/2013,12/11/2013,3.86,
2C,Female,11/14/2013,12/11/2013,5.45,
2C,Female,11/14/2013,12/11/2013,5.68,
2C,Female,11/14/2013,12/11/2013,6.3,
2C,Female,11/14/2013,12/11/2013,7.19,
2C,Female,11/14/2013,12/11/2013,8.01,
2C,Female,11/14/2013,12/11/2013,12.87,
2C,Female,11/14/2013,12/11/2013,14.81,
2C,Female,11/14/2013,12/11/2013,2.39,
2C,Female,11/14/2013,12/11/2013,3.24,
2C,Female,11/14/2013,12/11/2013,3.53,
2C,Female,11/14/2013,12/11/2013,8.08,
2C,Female,11/14/2013,12/11/2013,8.77,
2C,Female,11/14/2013,12/11/2013,11.84,
2C,Female,11/14/2013,12/11/2013,12.04,
2C,Female,11/14/2013,12/11/2013,13.04,
2C,Female,11/14/2013,12/11/2013,19.15,
2D,Male,11/14/2013,12/11/2013,3.41,
2D,Male,11/14/2013,12/11/2013,4.88,
2D,Male,11/14/2013,12/11/2013,5.56,
2D,Male,11/14/2013,12/11/2013,5.81,
2D,Male,11/14/2013,12/11/2013,6.13,
2D,Male,11/14/2013,12/11/2013,10.46,
2D,Male,11/14/2013,12/11/2013,10.84,
2D,Male,11/14/2013,12/11/2013,14.26,
2D,Male,11/14/2013,12/11/2013,300,x
2D,Male,11/14/2013,12/11/2013,300,x
2D,Male,11/14/2013,12/11/2013,2.45,
2D,Male,11/14/2013,12/11/2013,2.69,
2D,Male,11/14/2013,12/11/2013,3.88,
2D,Male,11/14/2013,12/11/2013,4.44,
2D,Male,11/14/2013,12/11/2013,5,
2D,Male,11/14/2013,12/11/2013,5.61,
2D,Male,11/14/2013,12/11/2013,6.57,
2D,Male,11/14/2013,12/11/2013,8.7,
2D,Male,11/14/2013,12/11/2013,9.61,
2D,Male,11/14/2013,12/11/2013,3.76,
2D,Male,11/14/2013,12/11/2013,6.07,
2D,Male,11/14/2013,12/11/2013,6.74,
2D,Male,11/14/2013,12/11/2013,7.37,
2D,Male,11/14/2013,12/11/2013,7.92,
2D,Male,11/14/2013,12/11/2013,8.79,
2D,Male,11/14/2013,12/11/2013,9.78,
2D,Male,11/14/2013,12/11/2013,12.31,
2D,Male,11/14/2013,12/11/2013,12.62,
2D,Male,11/14/2013,12/11/2013,17.25,
2B,Female,11/14/2013,12/11/2013,3.63,
2B,Female,11/14/2013,12/11/2013,8.58,
2B,Female,11/14/2013,12/11/2013,10.98,
2B,Female,11/14/2013,12/11/2013,13.24,
2B,Female,11/14/2013,12/11/2013,14.08,
2B,Female,11/14/2013,12/11/2013,15.67,
2B,Female,11/14/2013,12/11/2013,161.39,
2C,Male,11/14/2013,12/11/2013,8.02,
2C,Male,11/14/2013,12/11/2013,8.26,
2C,Male,11/14/2013,12/11/2013,8.76,
2C,Male,11/14/2013,12/11/2013,9.53,
2C,Male,11/14/2013,12/11/2013,10.97,
2C,Male,11/14/2013,12/11/2013,12.54,
2C,Male,11/14/2013,12/11/2013,15.27,
2C,Male,11/14/2013,12/11/2013,20.69,
2C,Male,11/14/2013,12/11/2013,21.99,
2C,Male,11/14/2013,12/11/2013,39.35,
2C,Male,11/14/2013,12/11/2013,4.31,
2C,Male,11/14/2013,12/11/2013,5.15,
2C,Male,11/14/2013,12/11/2013,7.26,
2C,Male,11/14/2013,12/11/2013,11.11,
2C,Male,11/14/2013,12/11/2013,13.55,
2C,Male,11/14/2013,12/11/2013,14.59,
2C,Male,11/14/2013,12/11/2013,20.8,
2C,Male,11/14/2013,12/11/2013,28.67,
2C,Male,11/14/2013,12/11/2013,30.32,
2C,Male,11/14/2013,12/11/2013,37.57,
2C,Male,11/14/2013,12/11/2013,3.18,
2C,Male,11/14/2013,12/11/2013,4.86,
2C,Male,11/14/2013,12/11/2013,6.64,
2C,Male,11/14/2013,12/11/2013,9.28,
2C,Male,11/14/2013,12/11/2013,10.8,
2C,Male,11/14/2013,12/11/2013,15.54,
2C,Male,11/14/2013,12/11/2013,15.97,
2C,Male,11/14/2013,12/11/2013,27.83,
2C,Male,11/14/2013,12/11/2013,32.06,
2C,Male,11/14/2013,12/11/2013,38.41,
2B,Female,11/14/2013,12/11/2013,7.96,
2B,Female,11/14/2013,12/11/2013,9.42,
2B,Female,11/14/2013,12/11/2013,10.38,
2B,Female,11/14/2013,12/11/2013,11.02,
2B,Female,11/14/2013,12/11/2013,11.26,
2B,Female,11/14/2013,12/11/2013,11.8,
2B,Female,11/14/2013,12/11/2013,18.7,
2B,Female,11/14/2013,12/11/2013,19.16,
2B,Female,11/14/2013,12/11/2013,41.33,
3AAA,Female,12/6/2013,12/11/2013,2.4,
3AAA,Female,12/6/2013,12/11/2013,4.04,
3AAA,Female,12/6/2013,12/11/2013,5.34,
3AAA,Female,12/6/2013,12/11/2013,5.71,
3AAA,Female,12/6/2013,12/11/2013,6.42,
3AAA,Female,12/6/2013,12/11/2013,7.85,
3AAA,Female,12/6/2013,12/11/2013,8.68,
3AAA,Female,12/6/2013,12/11/2013,2.76,
3AAA,Female,12/6/2013,12/11/2013,4.76,
3AAA,Female,12/6/2013,12/11/2013,8.06,
3AAA,Female,12/6/2013,12/11/2013,8.64,
3AAA,Female,12/6/2013,12/11/2013,17.42,
3AAA,Female,12/6/2013,12/11/2013,53.71,
3AAA,Female,12/6/2013,12/11/2013,84.27,
3AAA,Male,12/6/2013,12/11/2013,2.89,
3AAA,Male,12/6/2013,12/11/2013,3.47,
3AAA,Male,12/6/2013,12/11/2013,4.32,
3AAA,Male,12/6/2013,12/11/2013,4.86,
3AAA,Male,12/6/2013,12/11/2013,5.57,
3AAA,Male,12/6/2013,12/11/2013,5.77,
3AAA,Male,12/6/2013,12/11/2013,6.51,
3AAA,Male,12/6/2013,12/11/2013,8.71,
3AAA,Male,12/6/2013,12/11/2013,32.71,
2AAAA,Female,12/6/2013,12/11/2013,2.98,
2AAAA,Female,12/6/2013,12/11/2013,3.5,
2AAAA,Female,12/6/2013,12/11/2013,4.13,
2AAAA,Female,12/6/2013,12/11/2013,4.81,
2AAAA,Female,12/6/2013,12/11/2013,6.22,
2AAAA,Female,12/6/2013,12/11/2013,6.53,
2AAAA,Female,12/6/2013,12/11/2013,6.85,
2AAAA,Female,12/6/2013,12/11/2013,10.18,
2AAAA,Female,12/6/2013,12/11/2013,2.05,
2AAAA,Female,12/6/2013,12/11/2013,3.98,
2AAAA,Female,12/6/2013,12/11/2013,4.6,
2AAAA,Female,12/6/2013,12/11/2013,5.57,
2AAAA,Female,12/6/2013,12/11/2013,6.14,
2D,Male,11/14/2013,12/11/2013,1.45,
2D,Male,11/14/2013,12/11/2013,2.36,
2D,Male,11/14/2013,12/11/2013,3.15,
2D,Male,11/14/2013,12/11/2013,3.88,
2D,Male,11/14/2013,12/11/2013,4.68,
2D,Male,11/14/2013,12/11/2013,5.55,
2D,Female,11/14/2013,12/11/2013,1.41,
2D,Female,11/14/2013,12/11/2013,1.93,
2D,Female,11/14/2013,12/11/2013,3.03,
2D,Female,11/14/2013,12/11/2013,3.45,
2D,Female,11/14/2013,12/11/2013,3.98,
2D,Female,11/14/2013,12/11/2013,4.61,
2D,Female,11/14/2013,12/11/2013,6.45,
2D,Female,11/14/2013,12/11/2013,7.08,
2D,Female,11/14/2013,12/11/2013,3.45,
2D,Female,11/14/2013,12/11/2013,3.66,
2D,Female,11/14/2013,12/11/2013,4.63,
2D,Female,11/14/2013,12/11/2013,5.71,
2D,Female,11/14/2013,12/11/2013,6.81,
2D,Female,11/14/2013,12/11/2013,7.03,
2D,Female,11/14/2013,12/11/2013,7.41,
2D,Female,11/14/2013,12/11/2013,9.06,
2D,Female,11/14/2013,12/11/2013,10.5,
2D,Female,11/14/2013,12/11/2013,1.95,
2D,Female,11/14/2013,12/11/2013,3.56,
2D,Female,11/14/2013,12/11/2013,3.9,
2D,Female,11/14/2013,12/11/2013,4.31,
2D,Female,11/14/2013,12/11/2013,4.66,
2D,Female,11/14/2013,12/11/2013,5.93,
2E,Female,11/14/2013,12/11/2013,1.24,
2E,Female,11/14/2013,12/11/2013,1.88,
2E,Female,11/14/2013,12/11/2013,3.1,
2E,Female,11/14/2013,12/11/2013,3.91,
2E,Female,11/14/2013,12/11/2013,4.88,
2E,Female,11/14/2013,12/11/2013,7.79,
2E,Female,11/14/2013,12/11/2013,11.58,
2E,Female,11/14/2013,12/11/2013,8.15,
2E,Female,11/14/2013,12/11/2013,8.73,
2E,Female,11/14/2013,12/11/2013,12.68,
2E,Female,11/14/2013,12/11/2013,13.78,
2E,Female,11/14/2013,12/11/2013,15.73,
2E,Female,11/14/2013,12/11/2013,25.8,
2E,Female,11/14/2013,12/11/2013,27.24,
2E,Female,11/14/2013,12/11/2013,36.98,
2F,Female,11/14/2013,12/11/2013,0.9,
2F,Female,11/14/2013,12/11/2013,1.55,
2F,Female,11/14/2013,12/11/2013,2.78,
2F,Female,11/14/2013,12/11/2013,3.25,
2F,Female,11/14/2013,12/11/2013,3.76,
2F,Female,11/14/2013,12/11/2013,4.05,
2F,Female,11/14/2013,12/11/2013,6.41,
2F,Female,11/14/2013,12/11/2013,7.1,
2F,Female,11/14/2013,12/11/2013,0.75,
2F,Female,11/14/2013,12/11/2013,1.73,
2F,Female,11/14/2013,12/11/2013,2.83,
2F,Female,11/14/2013,12/11/2013,3.8,
2F,Female,11/14/2013,12/11/2013,4.36,
2F,Female,11/14/2013,12/11/2013,5.46,
2F,Female,11/14/2013,12/11/2013,7.22,
2F,Female,11/14/2013,12/11/2013,7.43,
2F,Male,11/14/2013,12/11/2013,0.98,
2F,Male,11/14/2013,12/11/2013,1.36,
2F,Male,11/14/2013,12/11/2013,1.78,
2F,Male,11/14/2013,12/11/2013,2.01,
2F,Male,11/14/2013,12/11/2013,2.61,
2F,Male,11/14/2013,12/11/2013,4.25,
2F,Male,11/14/2013,12/11/2013,1.29,
2F,Male,11/14/2013,12/11/2013,2.03,
2F,Male,11/14/2013,12/11/2013,2.43,
2F,Male,11/14/2013,12/11/2013,2.65,
2F,Male,11/14/2013,12/11/2013,3.19,
2F,Male,11/14/2013,12/11/2013,3.79,
2F,Male,11/14/2013,12/11/2013,4.21,
2F,Male,11/14/2013,12/11/2013,4.76,
2F,Male,11/14/2013,12/11/2013,6.79,
2F,Male,11/14/2013,12/11/2013,2.5,
2F,Male,11/14/2013,12/11/2013,2.66,
2F,Male,11/14/2013,12/11/2013,2.85,
2F,Male,11/14/2013,12/11/2013,3.23,
2F,Male,11/14/2013,12/11/2013,3.9,
2F,Male,11/14/2013,12/11/2013,4.46,
2F,Male,11/14/2013,12/11/2013,4.88,
2B,Female,11/14/2013,12/11/2013,3.05,
2B,Female,11/14/2013,12/11/2013,3.36,
2B,Female,11/14/2013,12/11/2013,3.65,
2B,Female,11/14/2013,12/11/2013,3.91,
2B,Female,11/14/2013,12/11/2013,4.38,
2B,Female,11/14/2013,12/11/2013,6.98,
2B,Female,11/14/2013,12/11/2013,8.28,
2B,Female,11/14/2013,12/11/2013,10.28,
2B,Female,11/14/2013,12/11/2013,13.56,
2B,Female,11/14/2013,12/11/2013,2.2,
2B,Female,11/14/2013,12/11/2013,3.03,
2B,Female,11/14/2013,12/11/2013,3.41,
2B,Female,11/14/2013,12/11/2013,4.56,
2B,Female,11/14/2013,12/11/2013,5.1,
2B,Female,11/14/2013,12/11/2013,6.68,
2B,Female,11/14/2013,12/11/2013,10.16,
2B,Female,11/14/2013,12/11/2013,11.88,
2B,Female,11/14/2013,12/11/2013,13.85,
2B,Female,11/14/2013,12/11/2013,2.71,
2B,Female,11/14/2013,12/11/2013,3.15,
2B,Female,11/14/2013,12/11/2013,5.11,
2B,Female,11/14/2013,12/11/2013,5.65,
2B,Female,11/14/2013,12/11/2013,5.9,
2B,Female,11/14/2013,12/11/2013,7.15,
2B,Female,11/14/2013,12/11/2013,7.86,
2B,Female,11/14/2013,12/11/2013,8.48,
2B,Female,11/14/2013,12/11/2013,9.13,
2B,Female,11/14/2013,12/11/2013,3.03,
2B,Female,11/14/2013,12/11/2013,3.38,
2B,Female,11/14/2013,12/11/2013,3.71,
2B,Female,11/14/2013,12/11/2013,6.1,
2B,Female,11/14/2013,12/11/2013,6.55,
2B,Female,11/14/2013,12/11/2013,8.96,
2B,Female,11/14/2013,12/11/2013,10.91,
2B,Male,11/14/2013,12/11/2013,1.55,
2B,Male,11/14/2013,12/11/2013,1.86,
2B,Male,11/14/2013,12/11/2013,3.18,
2C,Female,11/14/2013,12/11/2013,2.23,
2C,Female,11/14/2013,12/11/2013,2.68,
2C,Female,11/14/2013,12/11/2013,4.01,
2C,Female,11/14/2013,12/11/2013,4.58,
2C,Female,11/14/2013,12/11/2013,5.58,
2C,Female,11/14/2013,12/11/2013,6.85,
2C,Female,11/14/2013,12/11/2013,17.38,
2C,Female,11/14/2013,12/11/2013,18.78,
2C,Female,11/14/2013,12/11/2013,23.88,
2C,Female,11/14/2013,12/11/2013,2.21,
2C,Female,11/14/2013,12/11/2013,4.61,
2C,Female,11/14/2013,12/11/2013,7.91,
2C,Female,11/14/2013,12/11/2013,4.63,
2C,Female,11/14/2013,12/11/2013,5.61,
2C,Female,11/14/2013,12/11/2013,7.21,
2C,Female,11/14/2013,12/11/2013,7.71,
2C,Female,11/14/2013,12/11/2013,8.46,
2C,Female,11/14/2013,12/11/2013,11.25,
2C,Female,11/14/2013,12/11/2013,20.66,
2C,Female,11/14/2013,12/11/2013,22.19,
2C,Female,11/14/2013,12/11/2013,27.66,
2C,Female,11/14/2013,12/11/2013,28.53,
2C,Male,11/14/2013,12/11/2013,2.76,
2C,Male,11/14/2013,12/11/2013,6.15,
2C,Male,11/14/2013,12/11/2013,7.53,
2C,Male,11/14/2013,12/11/2013,10.11,
2C,Male,11/14/2013,12/11/2013,14.78,
2C,Male,11/14/2013,12/11/2013,3.58,
2C,Male,11/14/2013,12/11/2013,4.1,
2C,Male,11/14/2013,12/11/2013,4.61,
2C,Male,11/14/2013,12/11/2013,4.78,
2C,Male,11/14/2013,12/11/2013,5.76,
2C,Male,11/14/2013,12/11/2013,7.29,
2C,Male,11/14/2013,12/11/2013,9.71,
2C,Male,11/14/2013,12/11/2013,3.86,
2C,Male,11/14/2013,12/11/2013,4.27,
2C,Male,11/14/2013,12/11/2013,5.34,
2C,Male,11/14/2013,12/11/2013,6.98,
2C,Male,11/14/2013,12/11/2013,8.03,
2C,Male,11/14/2013,12/11/2013,9.9,
2C,Male,11/14/2013,12/11/2013,10.76,
2C,Male,11/14/2013,12/11/2013,14.48,
2C,Male,11/14/2013,12/11/2013,29.95,
2D,Male,11/14/2013,1/20/2014,3.64,
2D,Male,11/14/2013,1/20/2014,4.01,
2D,Male,11/14/2013,1/20/2014,4.65,
2D,Male,11/14/2013,1/20/2014,7.66,
2D,Male,11/14/2013,1/20/2014,15.61,
2D,Female,11/14/2013,1/20/2014,7.53,
2D,Female,11/14/2013,1/20/2014,7.9,
2D,Female,11/14/2013,1/20/2014,8.78,
2D,Female,11/14/2013,1/20/2014,10.75,
2F,Male,11/14/2013,1/20/2014,1.4,
2F,Male,11/14/2013,1/20/2014,3.51,
2F,Male,11/14/2013,1/20/2014,4.88,
2F,Male,11/14/2013,1/20/2014,6.86,
2F,Male,11/14/2013,1/20/2014,14.65,
2F,Female,11/14/2013,1/20/2014,3.43,
2F,Female,11/14/2013,1/20/2014,7.76,
2F,Male,11/14/2013,1/20/2014,6.66,
2F,Male,11/14/2013,1/20/2014,8.35,
2F,Male,11/14/2013,1/20/2014,9.18,
2F,Male,11/14/2013,1/20/2014,14.41,
2F,Male,11/14/2013,1/20/2014,42.33,
2F,Male,11/14/2013,1/20/2014,43.69,
2E,Female,11/14/2013,1/20/2014,6.61,
2E,Female,11/14/2013,1/20/2014,17.4,
2E,Female,11/14/2013,1/20/2014,7.72,
2E,Female,11/14/2013,1/20/2014,14.66,
2E,Female,11/14/2013,1/20/2014,55.55,
2C,Male,11/14/2013,1/20/2014,9.17,
2C,Male,11/14/2013,1/20/2014,10.22,
2C,Male,11/14/2013,1/20/2014,15.86,
2C,Male,11/14/2013,1/20/2014,25.5,
2C,Male,11/14/2013,1/20/2014,52.57,
2C,Male,11/14/2013,1/20/2014,300,x
2D,Female,11/14/2013,1/20/2014,3.8,
2D,Female,11/14/2013,1/20/2014,9.27,
2D,Female,11/14/2013,1/20/2014,9.55,
2D,Female,11/14/2013,1/20/2014,14.61,
2D,Female,11/14/2013,1/20/2014,300,x
2D,Female,11/14/2013,1/20/2014,4.17,
2D,Female,11/14/2013,1/20/2014,4.7,
2D,Female,11/14/2013,1/20/2014,7.75,
2D,Female,11/14/2013,1/20/2014,8.11,
2D,Female,11/14/2013,1/20/2014,14.78,
2D,Female,11/14/2013,1/20/2014,15.4,
2D,Female,11/14/2013,1/20/2014,17.8,
2D,Female,11/14/2013,1/20/2014,26.64,
2D,Female,11/14/2013,1/20/2014,105.23,
2F,Male,11/14/2013,1/20/2014,4.91,
2F,Male,11/14/2013,1/20/2014,5.46,
2F,Male,11/14/2013,1/20/2014,5.91,
2F,Male,11/14/2013,1/20/2014,6.18,
2F,Male,11/14/2013,1/20/2014,6.65,
2F,Male,11/14/2013,1/20/2014,7.96,
2F,Male,11/14/2013,1/20/2014,12.91,
2F,Male,11/14/2013,1/20/2014,17.33,
2B,Female,11/14/2013,1/20/2014,9.36,
2B,Female,11/14/2013,1/20/2014,9.95,
2B,Female,11/14/2013,1/20/2014,12.15,
2B,Female,11/14/2013,1/20/2014,13,
2D,Male,11/14/2013,1/20/2014,4.11,
2D,Male,11/14/2013,1/20/2014,5.15,
2D,Male,11/14/2013,1/20/2014,7.6,
2D,Male,11/14/2013,1/20/2014,11.48,
2D,Male,11/14/2013,1/20/2014,14.86,
2D,Male,11/14/2013,1/20/2014,3.83,
2D,Male,11/14/2013,1/20/2014,4.11,
2D,Male,11/14/2013,1/20/2014,4.48,
2D,Male,11/14/2013,1/20/2014,5.66,
2D,Male,11/14/2013,1/20/2014,6.4,
2D,Male,11/14/2013,1/20/2014,7.2,
2D,Male,11/14/2013,1/20/2014,9.91,
2D,Male,11/14/2013,1/20/2014,13.53,
2F,Male,11/14/2013,1/20/2014,4.08,
2F,Male,11/14/2013,1/20/2014,4.98,
2F,Male,11/14/2013,1/20/2014,5.95,
2F,Male,11/14/2013,1/20/2014,6.25,
2F,Male,11/14/2013,1/20/2014,7.43,
2F,Male,11/14/2013,1/20/2014,13.3,
2F,Male,11/14/2013,1/20/2014,18.11,
2C,Male,11/14/2013,1/20/2014,2.59,
2C,Male,11/14/2013,1/20/2014,4.17,
2C,Male,11/14/2013,1/20/2014,4.96,
2C,Male,11/14/2013,1/20/2014,6.45,
2C,Male,11/14/2013,1/20/2014,6.83,
2C,Male,11/14/2013,1/20/2014,9.56,
2C,Male,11/14/2013,1/20/2014,10.32,
2C,Male,11/14/2013,1/20/2014,23.13,
2C,Male,11/14/2013,1/20/2014,39.35,
2C,Male,11/14/2013,1/20/2014,300,x
2D,Male,11/14/2013,1/20/2014,2.09,
2D,Male,11/14/2013,1/20/2014,5.5,
2D,Male,11/14/2013,1/20/2014,6.43,
2D,Male,11/14/2013,1/20/2014,7.55,
2D,Male,11/14/2013,1/20/2014,14.3,
2D,Male,11/14/2013,1/20/2014,35.81,
2D,Male,11/14/2013,1/20/2014,37.9,
2D,Male,11/14/2013,1/20/2014,38.83,
2C,Male,11/14/2013,1/20/2014,1.98,
2C,Male,11/14/2013,1/20/2014,7.51,
2C,Male,11/14/2013,1/20/2014,7.93,
2C,Male,11/14/2013,1/20/2014,17.8,
2C,Male,11/14/2013,1/20/2014,36.59,
2C,Male,11/14/2013,1/20/2014,300,x
2C,Male,11/14/2013,1/20/2014,300,x
2C,Male,11/14/2013,1/20/2014,300,x
2C,Male,11/14/2013,1/20/2014,300,x
2C,Male,11/14/2013,1/20/2014,300,x
2C,Male,11/14/2013,1/20/2014,4.27,
2C,Male,11/14/2013,1/20/2014,7.83,
2C,Male,11/14/2013,1/20/2014,29.1,
2C,Male,11/14/2013,1/20/2014,300,x
2C,Male,11/14/2013,1/20/2014,5.86,
2C,Male,11/14/2013,1/20/2014,13.36,
2C,Male,11/14/2013,1/20/2014,17.91,
2C,Male,11/14/2013,1/20/2014,20.8,
2C,Male,11/14/2013,1/20/2014,66.25,
2C,Male,11/14/2013,1/20/2014,300,x
2C,Male,11/14/2013,1/20/2014,300,x
2C,Male,11/14/2013,1/20/2014,300,x
2C,Male,11/14/2013,1/20/2014,300,x
2B,Female,11/14/2013,1/20/2014,8.27,
2B,Female,11/14/2013,1/20/2014,11.86,
2B,Female,11/14/2013,1/20/2014,15.51,
2E,Female,11/14/2013,1/20/2014,19.1,
2E,Female,11/14/2013,1/20/2014,20.23,
2E,Female,11/14/2013,1/20/2014,25.93,
2E,Female,11/14/2013,1/20/2014,300,x
2D,Male,11/14/2013,1/20/2014,3.54,
2D,Male,11/14/2013,1/20/2014,4.23,
2D,Male,11/14/2013,1/20/2014,6.25,
2D,Male,11/14/2013,1/20/2014,7.09,
2D,Male,11/14/2013,1/20/2014,7.83,
2D,Male,11/14/2013,1/20/2014,8.1,
2D,Male,11/14/2013,1/20/2014,9.64,
2D,Male,11/14/2013,1/20/2014,9.41,
2D,Male,11/14/2013,1/20/2014,11.12,
2D,Male,11/14/2013,1/20/2014,27.34,
2B,Female,11/14/2013,1/20/2014,4.88,
2B,Female,11/14/2013,1/20/2014,5.15,
2B,Female,11/14/2013,1/20/2014,5.72,
2B,Female,11/14/2013,1/20/2014,6.12,
2B,Female,11/14/2013,1/20/2014,6.77,
2B,Female,11/14/2013,1/20/2014,7.29,
2B,Female,11/14/2013,1/20/2014,14.66,
2B,Female,11/14/2013,1/20/2014,21.19,
2B,Female,11/14/2013,1/20/2014,5.2,
2B,Female,11/14/2013,1/20/2014,6.28,
2B,Female,11/14/2013,1/20/2014,9.02,
2B,Female,11/14/2013,1/20/2014,14.75,
2B,Female,11/14/2013,1/20/2014,15.17,
2B,Female,11/14/2013,1/20/2014,31.05,
2B,Male,11/14/2013,1/20/2014,2.71,
2B,Male,11/14/2013,1/20/2014,1.9,
2B,Male,11/14/2013,1/20/2014,2.58,
2B,Male,11/14/2013,1/20/2014,2.85,
2B,Male,11/14/2013,1/20/2014,3.77,
2B,Male,11/14/2013,1/20/2014,4.03,
2D,Female,11/14/2013,1/20/2014,4.5,
2D,Female,11/14/2013,1/20/2014,6.7,
2D,Female,11/14/2013,1/20/2014,7.02,
2D,Female,11/14/2013,1/20/2014,11.48,
2D,Female,11/14/2013,1/20/2014,17.98,
2D,Female,11/14/2013,1/20/2014,19.39,
2D,Female,11/14/2013,1/20/2014,47.66,
2F,Female,11/14/2013,1/20/2014,3.37,
2F,Female,11/14/2013,1/20/2014,4.48,
2F,Female,11/14/2013,1/20/2014,6.34,
2F,Female,11/14/2013,1/20/2014,7.17,
2F,Female,11/14/2013,1/20/2014,8.26,
2F,Female,11/14/2013,1/20/2014,10.77,
2F,Female,11/14/2013,1/20/2014,12.68,
2F,Female,11/14/2013,1/20/2014,224.68,
2C,Female,11/14/2013,1/20/2014,7.79,
2C,Female,11/14/2013,1/20/2014,8.64,
2C,Female,11/14/2013,1/20/2014,11.09,
2C,Female,11/14/2013,1/20/2014,14.57,
2C,Female,11/14/2013,1/20/2014,18.98,
2C,Female,11/14/2013,1/20/2014,21.18,
2C,Female,11/14/2013,1/20/2014,300,x
2C,Female,11/14/2013,1/20/2014,300,x
2C,Female,11/14/2013,1/20/2014,11.23,
2C,Female,11/14/2013,1/20/2014,15.57,
2C,Female,11/14/2013,1/20/2014,26.2,
2B,Female,11/14/2013,1/20/2014,8.34,
2B,Female,11/14/2013,1/20/2014,11.37,
2B,Female,11/14/2013,1/20/2014,13.43,
2C,Female,11/14/2013,1/20/2014,5.77,
2C,Female,11/14/2013,1/20/2014,7.74,
2C,Female,11/14/2013,1/20/2014,8.72,
2C,Female,11/14/2013,1/20/2014,12.71,
2C,Female,11/14/2013,1/20/2014,13.08,
2C,Female,11/14/2013,1/20/2014,13.75,
2C,Female,11/14/2013,1/20/2014,14.64,
2C,Female,11/14/2013,1/20/2014,27.69,
2C,Female,11/14/2013,1/20/2014,28.31,
2C,Male,11/14/2013,1/20/2014,7.58,
2C,Male,11/14/2013,1/20/2014,10.51,
2C,Male,11/14/2013,1/20/2014,11.23,
2C,Male,11/14/2013,1/20/2014,12.36,
2C,Male,11/14/2013,1/20/2014,18.74,
2C,Male,11/14/2013,1/20/2014,300,x
2C,Male,11/14/2013,1/20/2014,300,x
2C,Male,11/14/2013,1/20/2014,300,x
2C,Male,11/14/2013,1/20/2014,300,x
2C,Male,11/14/2013,1/20/2014,300,x
2D,Female,11/14/2013,1/20/2014,6.05,
2D,Female,11/14/2013,1/20/2014,15.19,
2D,Female,11/14/2013,1/20/2014,45.77,
2D,Female,11/14/2013,1/20/2014,110.65,
2D,Female,11/14/2013,1/20/2014,147.65,
2D,Female,11/14/2013,1/20/2014,161.76,
2F,Male,11/14/2013,1/20/2014,5.77,
2F,Male,11/14/2013,1/20/2014,7.76,
2F,Male,11/14/2013,1/20/2014,20.03,
2F,Male,11/14/2013,1/20/2014,28.76,
2F,Male,11/14/2013,1/20/2014,118.33,
2F,Female,11/14/2013,1/20/2014,4.71,
2F,Female,11/14/2013,1/20/2014,5.19,
2F,Female,11/14/2013,1/20/2014,30.63,
2F,Male,11/14/2013,1/20/2014,10.44,
2F,Male,11/14/2013,1/20/2014,12.17,
2F,Male,11/14/2013,1/20/2014,25.04,
2F,Male,11/14/2013,1/20/2014,43.25,
2F,Male,11/14/2013,1/20/2014,53.24,
2F,Male,11/14/2013,1/20/2014,71.17,
2F,Male,11/14/2013,1/20/2014,136.58,
2F,Male,11/14/2013,1/20/2014,300,x
2F,Male,11/14/2013,1/20/2014,2.89,
2F,Male,11/14/2013,1/20/2014,4.4,
2F,Male,11/14/2013,1/20/2014,4.73,
2F,Male,11/14/2013,1/20/2014,6.49,
2F,Female,11/14/2013,1/20/2014,5.06,
2F,Female,11/14/2013,1/20/2014,5.64,
2F,Female,11/14/2013,1/20/2014,6.06,
2F,Female,11/14/2013,1/20/2014,8.69,
2F,Female,11/14/2013,1/20/2014,11.32,
2F,Female,11/14/2013,1/20/2014,11.74,
2F,Female,11/14/2013,1/20/2014,12.37,
2F,Female,11/14/2013,1/20/2014,15.5,
2F,Female,11/14/2013,1/20/2014,15.83,
2F,Female,11/14/2013,1/20/2014,1.86,
2F,Female,11/14/2013,1/20/2014,5.18,
2F,Female,11/14/2013,1/20/2014,6.69,
2F,Female,11/14/2013,1/20/2014,6.93,
2F,Female,11/14/2013,1/20/2014,7.14,
2F,Female,11/14/2013,1/20/2014,10.1,
2F,Female,11/14/2013,1/20/2014,13.15,
2F,Female,11/14/2013,1/20/2014,17.29,
2F,Female,11/14/2013,1/20/2014,22.59,
2C,Female,11/14/2013,1/20/2014,7.62,
2C,Female,11/14/2013,1/20/2014,9.97,
2C,Female,11/14/2013,1/20/2014,12.8,
2C,Female,11/14/2013,1/20/2014,19.74,
2C,Female,11/14/2013,1/20/2014,20.44,
2C,Female,11/14/2013,1/20/2014,28.67,
2C,Female,11/14/2013,1/20/2014,300,x
2E,Female,11/14/2013,1/20/2014,73.01,
2E,Female,11/14/2013,1/20/2014,129.36,
2E,Female,11/14/2013,1/20/2014,221.58,
2E,Female,11/14/2013,1/20/2014,300,x
2E,Female,11/14/2013,1/20/2014,300,x
2F,Female,11/14/2013,1/20/2014,11.18,
2F,Female,11/14/2013,1/20/2014,11.88,
2F,Female,11/14/2013,1/20/2014,14.12,
2F,Female,11/14/2013,1/20/2014,15.01,
2F,Female,11/14/2013,1/20/2014,15.99,
2F,Female,11/14/2013,1/20/2014,16.82,
2F,Female,11/14/2013,1/20/2014,28.9,
2F,Female,11/14/2013,1/20/2014,297.68,
2C,Female,11/14/2013,1/20/2014,4.66,
2C,Female,11/14/2013,1/20/2014,6.54,
2C,Female,11/14/2013,1/20/2014,8.8,
2C,Female,11/14/2013,1/20/2014,10.22,
2C,Female,11/14/2013,1/20/2014,10.85,
2C,Female,11/14/2013,1/20/2014,12.93,
2C,Female,11/14/2013,1/20/2014,300,x
2B,Female,11/14/2013,1/20/2014,4.81,
2B,Female,11/14/2013,1/20/2014,5.81,
2B,Female,11/14/2013,1/20/2014,6.39,
2B,Female,11/14/2013,1/20/2014,10.23,
2B,Female,11/14/2013,1/20/2014,11.02,
2B,Female,11/14/2013,1/20/2014,11.48,
2B,Female,11/14/2013,1/20/2014,13.97,
2B,Female,11/14/2013,1/20/2014,20.45,
2B,Female,11/14/2013,1/20/2014,32.02,
2C,Male,11/14/2013,1/20/2014,4.26,
2C,Male,11/14/2013,1/20/2014,9.04,
2C,Male,11/14/2013,1/20/2014,12.77,
2C,Male,11/14/2013,1/20/2014,14.74,
2C,Male,11/14/2013,1/20/2014,15.97,
2C,Male,11/14/2013,1/20/2014,34.53,
2C,Male,11/14/2013,1/20/2014,38.26,
2C,Male,11/14/2013,1/20/2014,121.02,
2C,Male,11/14/2013,1/20/2014,251.64,
2C,Male,11/14/2013,1/20/2014,300,x
2C,Female,11/14/2013,1/20/2014,4.31,
2C,Female,11/14/2013,1/20/2014,4.98,
2C,Female,11/14/2013,1/20/2014,5.7,
2C,Female,11/14/2013,1/20/2014,8.69,
2C,Female,11/14/2013,1/20/2014,8.94,
2C,Female,11/14/2013,1/20/2014,9.33,
2C,Female,11/14/2013,1/20/2014,13.61,
2C,Female,11/14/2013,1/20/2014,26.14,
2C,Female,11/14/2013,1/20/2014,26.69,
2DD,Male,11/22/2013,1/22/2014,5.23,
2DD,Male,11/22/2013,1/22/2014,5.68,
2DD,Male,11/22/2013,1/22/2014,8.38,
2DD,Male,11/22/2013,1/22/2014,12.12,
2DD,Male,11/22/2013,1/22/2014,13.95,
2DD,Male,11/22/2013,1/22/2014,23.53,
2DD,Male,11/22/2013,1/22/2014,29.11,
2DD,Male,11/22/2013,1/22/2014,239.82,
2DD,Male,11/22/2013,1/22/2014,300,x
2FF,Male,11/22/2013,1/22/2014,10.36,
2FF,Male,11/22/2013,1/22/2014,10.95,
2FF,Male,11/22/2013,1/22/2014,11.45,
2FF,Male,11/22/2013,1/22/2014,68.82,
2FF,Male,11/22/2013,1/22/2014,97.28,
2FF,Male,11/22/2013,1/22/2014,300,x
2FF,Male,11/22/2013,1/22/2014,300,x
2CC,Male,11/22/2013,1/22/2014,30.15,
2CC,Male,11/22/2013,1/22/2014,33.01,
2CC,Male,11/22/2013,1/22/2014,34.73,
2CC,Male,11/22/2013,1/22/2014,50.05,
2CC,Male,11/22/2013,1/22/2014,54.25,
2CC,Male,11/22/2013,1/22/2014,300,x
2FF,Male,11/22/2013,1/22/2014,4.92,
2FF,Male,11/22/2013,1/22/2014,12.2,
2FF,Male,11/22/2013,1/22/2014,13.8,
2FF,Male,11/22/2013,1/22/2014,46.08,
2CC,Female,11/22/2013,1/22/2014,7.43,
2CC,Female,11/22/2013,1/22/2014,21.45,
2BB,Male,11/22/2013,1/22/2014,2.93,
2BB,Male,11/22/2013,1/22/2014,7.84,
2BB,Male,11/22/2013,1/22/2014,23.7,
2BB,Female,11/22/2013,1/22/2014,9.46,
2BB,Female,11/22/2013,1/22/2014,21.25,
2BB,Female,11/22/2013,1/22/2014,35.52,
2BB,Female,11/22/2013,1/22/2014,55.68,
2BB,Female,11/22/2013,1/22/2014,94.6,
2FF,Male,11/22/2013,1/22/2014,6.89,
2FF,Male,11/22/2013,1/22/2014,8.68,
2FF,Male,11/22/2013,1/22/2014,18.08,
2FF,Male,11/22/2013,1/22/2014,19.44,
2FF,Male,11/22/2013,1/22/2014,24.49,
2FF,Male,11/22/2013,1/22/2014,300,x
2BB,Male,11/22/2013,1/22/2014,11.13,
2BB,Male,11/22/2013,1/22/2014,11.76,
2BB,Male,11/22/2013,1/22/2014,12.92,
2BB,Male,11/22/2013,1/22/2014,14.86,
2BB,Male,11/22/2013,1/22/2014,26.69,
2BB,Male,11/22/2013,1/22/2014,300,x
2BB,Female,11/22/2013,1/22/2014,58.17,
2BB,Female,11/22/2013,1/22/2014,133.36,
2BB,Female,11/22/2013,1/22/2014,144.93,
2BB,Female,11/22/2013,1/22/2014,157.91,
2BB,Female,11/22/2013,1/22/2014,300,x
2BB,Female,11/22/2013,1/22/2014,300,x
2BB,Female,11/22/2013,1/22/2014,300,x
2DD,Male,11/22/2013,1/22/2014,19.52,
2DD,Male,11/22/2013,1/22/2014,54.3,
2DD,Male,11/22/2013,1/22/2014,64.55,
2DD,Male,11/22/2013,1/22/2014,83.31,
2DD,Male,11/22/2013,1/22/2014,93.8,
2DD,Male,11/22/2013,1/22/2014,300,x
2DD,Male,11/22/2013,1/22/2014,300,x
2DD,Male,11/22/2013,1/22/2014,300,x
2BB,Female,11/22/2013,1/22/2014,8.01,
2BB,Female,11/22/2013,1/22/2014,12.25,
2BB,Female,11/22/2013,1/22/2014,12.67,
2BB,Female,11/22/2013,1/22/2014,18.6,
2BB,Female,11/22/2013,1/22/2014,31.41,
2BB,Female,11/22/2013,1/22/2014,34.5,
2BB,Female,11/22/2013,1/22/2014,300,x
2EE,Female,11/22/2013,1/22/2014,16.39,
2EE,Female,11/22/2013,1/22/2014,18.03,
2EE,Female,11/22/2013,1/22/2014,38.54,
2EE,Female,11/22/2013,1/22/2014,139.84,
2EE,Female,11/22/2013,1/22/2014,300,x
2DD,Female,11/22/2013,1/22/2014,10.74,
2DD,Female,11/22/2013,1/22/2014,19.06,
2DD,Female,11/22/2013,1/22/2014,31.69,
2DD,Female,11/22/2013,1/22/2014,35.22,
2DD,Female,11/22/2013,1/22/2014,108.52,
2DD,Female,11/22/2013,1/22/2014,186.74,
2CC,Male,11/22/2013,1/27/2014,21.61,
2CC,Male,11/22/2013,1/27/2014,40.81,
2CC,Male,11/22/2013,1/27/2014,160.45,
2CC,Male,11/22/2013,1/27/2014,174.78,
2CC,Male,11/22/2013,1/27/2014,300,x
2CC,Male,11/22/2013,1/27/2014,300,x
2CC,Male,11/22/2013,1/27/2014,300,x
2CC,Male,11/22/2013,1/27/2014,300,x
2CC,Male,11/22/2013,1/27/2014,300,x
2CC,Male,11/22/2013,1/27/2014,300,x
2FF,Male,11/22/2013,1/27/2014,40.21,
2FF,Male,11/22/2013,1/27/2014,56.41,
2FF,Male,11/22/2013,1/27/2014,61.12,
2FF,Male,11/22/2013,1/27/2014,60.73,
2FF,Male,11/22/2013,1/27/2014,77.15,
2FF,Male,11/22/2013,1/27/2014,100.18,
2FF,Male,11/22/2013,1/27/2014,117.13,
2FF,Male,11/22/2013,1/27/2014,300,x
2FF,Male,11/22/2013,1/27/2014,300,x
Y1,Female,11/22/2013,1/27/2014,270.44,
Y1,Female,11/22/2013,1/27/2014,300,x
Y1,Female,11/22/2013,1/27/2014,300,x
Y1,Female,11/22/2013,1/27/2014,300,x
2CC,Female,11/22/2013,1/27/2014,106.66,
2CC,Female,11/22/2013,1/27/2014,39.64,
2EE,Female,11/22/2013,1/27/2014,21.75,
2EE,Female,11/22/2013,1/27/2014,91.86,
2CC,Female,11/22/2013,1/27/2014,15.11,
2CC,Female,11/22/2013,1/27/2014,24.72,
2CC,Female,11/22/2013,1/27/2014,25.08,
2CC,Female,11/22/2013,1/27/2014,27.73,
2CC,Female,11/22/2013,1/27/2014,36.49,
2CC,Female,11/22/2013,1/27/2014,51.92,
2CC,Female,11/22/2013,1/27/2014,80.14,
2CC,Female,11/22/2013,1/27/2014,135.38,
2CC,Male,11/22/2013,1/27/2014,300,x
2CC,Male,11/22/2013,1/27/2014,300,x
2CC,Male,11/22/2013,1/27/2014,300,x
2CC,Male,11/22/2013,1/27/2014,300,x
2CC,Male,11/22/2013,1/27/2014,300,x
2CC,Male,11/22/2013,1/27/2014,300,x
2CC,Male,11/22/2013,1/27/2014,300,x
2CC,Male,11/22/2013,1/27/2014,300,x
2CC,Female,11/22/2013,1/27/2014,178.85,
2CC,Female,11/22/2013,1/27/2014,245.32,
2CC,Female,11/22/2013,1/27/2014,266.96,
2CC,Female,11/22/2013,1/27/2014,272.74,
2CC,Female,11/22/2013,1/27/2014,280.76,
2CC,Female,11/22/2013,1/27/2014,300,x
2CC,Female,11/22/2013,1/27/2014,300,x
2CC,Female,11/22/2013,1/27/2014,300,x
2CC,Female,11/22/2013,1/27/2014,300,x
2CC,Female,11/22/2013,1/27/2014,300,x
2EE,Female,11/22/2013,1/27/2014,82.05,
2EE,Female,11/22/2013,1/27/2014,300,x
2EE,Female,11/22/2013,1/27/2014,300,x
2EE,Female,11/22/2013,1/27/2014,300,x
2EE,Female,11/22/2013,1/27/2014,300,x
2EE,Female,11/22/2013,1/27/2014,300,x
2EE,Female,11/22/2013,1/27/2014,300,x
2CC,Male,11/22/2013,1/27/2014,31.83,
2CC,Male,11/22/2013,1/27/2014,213.31,
2CC,Male,11/22/2013,1/27/2014,300,x
2CC,Male,11/22/2013,1/27/2014,300,x
2CC,Male,11/22/2013,1/27/2014,300,x
2CC,Male,11/22/2013,1/27/2014,300,x
2CC,Male,11/22/2013,1/27/2014,300,x
2CC,Male,11/22/2013,1/27/2014,300,x
2CC,Female,11/22/2013,1/27/2014,13.19,
2CC,Female,11/22/2013,1/27/2014,22.03,
2CC,Female,11/22/2013,1/27/2014,31.25,
2CC,Female,11/22/2013,1/27/2014,146.49,
2CC,Female,11/22/2013,1/27/2014,178.99,
2CC,Female,11/22/2013,1/27/2014,300,x
2DD,Male,11/22/2013,1/27/2014,15.65,
2DD,Male,11/22/2013,1/27/2014,48.82,
2DD,Male,11/22/2013,1/27/2014,105.36,
2DD,Male,11/22/2013,1/27/2014,124.32,
2DD,Male,11/22/2013,1/27/2014,159.97,
2DD,Male,11/22/2013,1/27/2014,300,x
2DD,Female,11/22/2013,1/27/2014,25.62,
2DD,Female,11/22/2013,1/27/2014,57.55,
2DD,Female,11/22/2013,1/27/2014,173.88,
2DD,Female,11/22/2013,1/27/2014,172.03,
2DD,Female,11/22/2013,1/27/2014,300,x
2DD,Female,11/22/2013,1/27/2014,300,x
2DD,Female,11/22/2013,1/27/2014,300,x
2DD,Female,11/22/2013,1/27/2014,300,x
2CC,Female,11/22/2013,1/27/2014,9.24,
2CC,Female,11/22/2013,1/27/2014,14.98,
2CC,Female,11/22/2013,1/27/2014,27.7,
2CC,Female,11/22/2013,1/27/2014,48.78,
2CC,Female,11/22/2013,1/27/2014,58.04,
2CC,Female,11/22/2013,1/27/2014,76.69,
2CC,Female,11/22/2013,1/27/2014,80.93,
2CC,Female,11/22/2013,1/27/2014,112.43,
2CC,Female,11/22/2013,1/27/2014,300,x
2BB,Female,11/22/2013,1/27/2014,28.46,
2BB,Female,11/22/2013,1/27/2014,300,x
2BB,Female,11/22/2013,1/27/2014,300,x
2BB,Female,11/22/2013,1/27/2014,300,x
2BB,Female,11/22/2013,1/27/2014,300,x
2BB,Female,11/22/2013,1/27/2014,300,x
2CC,Female,11/22/2013,1/27/2014,8.99,
2CC,Female,11/22/2013,1/27/2014,17.99,
2CC,Female,11/22/2013,1/27/2014,92.94,
2CC,Female,11/22/2013,1/27/2014,186.21,
2CC,Female,11/22/2013,1/27/2014,211.07,
2CC,Female,11/22/2013,1/27/2014,236.47,
2DD,Female,11/22/2013,1/27/2014,8.72,
2DD,Female,11/22/2013,1/27/2014,21.14,
2DD,Female,11/22/2013,1/27/2014,55.87,
2DD,Female,11/22/2013,1/27/2014,94.68,
2DD,Female,11/22/2013,1/27/2014,112.79,
2DD,Female,11/22/2013,1/27/2014,182.78,
2DD,Female,11/22/2013,1/27/2014,300,x
2FF,Male,11/22/2013,1/27/2014,30.16,
2FF,Male,11/22/2013,1/27/2014,42.06,
2FF,Male,11/22/2013,1/27/2014,47.43,
2FF,Male,11/22/2013,1/27/2014,75.71,
2FF,Male,11/22/2013,1/27/2014,134.87,
2FF,Male,11/22/2013,1/27/2014,300,x
2FF,Female,11/22/2013,1/29/2014,29.03,
2FF,Female,11/22/2013,1/29/2014,29.68,
2FF,Female,11/22/2013,1/29/2014,35.52,
2FF,Female,11/22/2013,1/29/2014,46.7,
2FF,Female,11/22/2013,1/29/2014,63.89,
2FF,Female,11/22/2013,1/29/2014,70.29,
2FF,Female,11/22/2013,1/29/2014,94.96,
2FF,Female,11/22/2013,1/29/2014,114.01,
2FF,Female,11/22/2013,1/29/2014,300,x
2DD,Male,11/22/2013,1/29/2014,9.49,
2DD,Male,11/22/2013,1/29/2014,16.51,
2DD,Male,11/22/2013,1/29/2014,18.06,
2DD,Male,11/22/2013,1/29/2014,18.97,
2DD,Male,11/22/2013,1/29/2014,23.3,
2DD,Male,11/22/2013,1/29/2014,25.76,
2DD,Male,11/22/2013,1/29/2014,28.74,
2DD,Male,11/22/2013,1/29/2014,300,x
2DD,Male,11/22/2013,1/29/2014,300,x
2EE,Female,11/22/2013,1/29/2014,31.74,
2EE,Female,11/22/2013,1/29/2014,43.86,
2EE,Female,11/22/2013,1/29/2014,51.61,
2EE,Female,11/22/2013,1/29/2014,221.04,
2EE,Female,11/22/2013,1/29/2014,300,x
2DD,Female,11/22/2013,1/29/2014,4.97,
2DD,Female,11/22/2013,1/29/2014,11.82,
2DD,Female,11/22/2013,1/29/2014,14.97,
2DD,Female,11/22/2013,1/29/2014,28.37,
2DD,Female,11/22/2013,1/29/2014,45.6,
2DD,Female,11/22/2013,1/29/2014,62.01,
2DD,Female,11/22/2013,1/29/2014,69.46,
2DD,Female,11/22/2013,1/29/2014,115.87,
2CC,Female,11/22/2013,1/29/2014,10.7,
2CC,Female,11/22/2013,1/29/2014,10.92,
2CC,Female,11/22/2013,1/29/2014,15.16,
2CC,Female,11/22/2013,1/29/2014,17.85,
2CC,Female,11/22/2013,1/29/2014,21.65,
2CC,Female,11/22/2013,1/29/2014,268.77,
2CC,Male,11/22/2013,1/29/2014,17.97,
2CC,Male,11/22/2013,1/29/2014,26.9,
2CC,Male,11/22/2013,1/29/2014,53.38,
2CC,Male,11/22/2013,1/29/2014,59.88,
2CC,Male,11/22/2013,1/29/2014,72.81,
2CC,Male,11/22/2013,1/29/2014,81.19,
2CC,Male,11/22/2013,1/29/2014,91.98,
2CC,Male,11/22/2013,1/29/2014,172.38,
2CC,Male,11/22/2013,1/29/2014,300,x
2FF,Male,11/22/2013,1/29/2014,9.35,
2FF,Male,11/22/2013,1/29/2014,17.16,
2FF,Male,11/22/2013,1/29/2014,23.51,
2FF,Male,11/22/2013,1/29/2014,41.25,
2FF,Male,11/22/2013,1/29/2014,43.06,
2FF,Male,11/22/2013,1/29/2014,103.64,
2FF,Male,11/22/2013,1/29/2014,142.81,
2FF,Male,11/22/2013,1/29/2014,174.64,
2DD,Male,11/22/2013,1/29/2014,7.18,
2DD,Male,11/22/2013,1/29/2014,8.86,
2DD,Male,11/22/2013,1/29/2014,11.7,
2DD,Male,11/22/2013,1/29/2014,12.53,
2DD,Male,11/22/2013,1/29/2014,30.87,
2DD,Male,11/22/2013,1/29/2014,50.81,
2DD,Male,11/22/2013,1/29/2014,74.86,
2DD,Male,11/22/2013,1/29/2014,300,x
2DD,Male,11/22/2013,1/29/2014,300,x
Y1,Male,11/24/2013,1/29/2014,14.33,
Y1,Male,11/24/2013,1/29/2014,41.21,
Y1,Male,11/24/2013,1/29/2014,207.85,
3A,Male,11/24/2013,1/29/2014,3.49,
3A,Male,11/24/2013,1/29/2014,11.14,
3A,Male,11/24/2013,1/29/2014,13.04,
3A,Male,11/24/2013,1/29/2014,32.77,
Y1,Male,11/24/2013,1/29/2014,20.54,
Y1,Male,11/24/2013,1/29/2014,29.41,
Y1,Male,11/24/2013,1/29/2014,206.94,
Y1,Female,11/24/2013,1/29/2014,45.43,
Y1,Female,11/24/2013,1/29/2014,79.59,
Y1,Female,11/24/2013,1/29/2014,121.55,
Y1,Female,11/24/2013,1/29/2014,214.25,
Y1,Female,11/24/2013,1/29/2014,300,x
Y1,Female,11/24/2013,1/29/2014,300,x
Y2,Female,11/29/2013,1/29/2014,300,x
Y2,Female,11/29/2013,1/29/2014,300,x
Y2,Female,11/29/2013,1/29/2014,300,x
Y2,Female,11/29/2013,1/29/2014,300,x
Y2,Female,11/29/2013,1/29/2014,300,x
Z2,Female,11/29/2013,1/29/2014,20.29,
Z2,Female,11/29/2013,1/29/2014,26.26,
Z2,Female,11/29/2013,1/29/2014,38.79,
Z2,Female,11/29/2013,1/29/2014,72.4,
Z2,Female,11/29/2013,1/29/2014,154.27,
Z2,Female,11/29/2013,1/29/2014,157.86,
Z2,Female,11/29/2013,1/29/2014,197.16,
Z2,Female,11/29/2013,1/29/2014,300,x
Z2,Female,11/29/2013,1/29/2014,300,x
Z2,Female,11/29/2013,1/29/2014,300,x
Z2,Female,11/29/2013,1/29/2014,300,x
Z2,Female,11/29/2013,1/29/2014,300,x
Z2,Female,11/29/2013,1/29/2014,300,x
Z2,Female,11/29/2013,1/29/2014,17.71,
Z2,Female,11/29/2013,1/29/2014,125.65,
Z2,Female,11/29/2013,1/29/2014,300,x
2EEE,Female,11/29/2013,1/29/2014,8.66,
2EEE,Female,11/29/2013,1/29/2014,54.52,
2EEE,Female,11/29/2013,1/29/2014,61.47,
2EEE,Female,11/29/2013,1/29/2014,145.23,
2EEE,Female,11/29/2013,1/29/2014,300,x
Y2,Male,11/29/2013,2/3/2014,61.59,
Y2,Male,11/29/2013,2/3/2014,300,x
X2,Female,11/29/2013,2/3/2014,49.02,
X2,Female,11/29/2013,2/3/2014,135.77,
X2,Female,11/29/2013,2/3/2014,300,x
X2,Female,11/29/2013,2/3/2014,300,x
X2,Female,11/29/2013,2/3/2014,300,x
Z2,Male,11/29/2013,2/3/2014,300,x
Z2,Male,11/29/2013,2/3/2014,45.6,
Z2,Male,11/29/2013,2/3/2014,128.59,
Z2,Male,11/29/2013,2/3/2014,300,x
Z2,Male,11/29/2013,2/3/2014,300,x
Z2,Male,11/29/2013,2/3/2014,300,x
3AAA,Female,12/6/2013,2/3/2014,3.6,
3AAA,Female,12/6/2013,2/3/2014,1.43,
3AAA,Female,12/6/2013,2/3/2014,2.09,
3AAA,Female,12/6/2013,2/3/2014,300,x
3AAA,Female,12/6/2013,2/3/2014,300,x
3AAA,Female,12/6/2013,2/3/2014,300,x
2AAAA,Male,12/6/2013,2/3/2014,25.4,
2AAAA,Male,12/6/2013,2/3/2014,34,
2AAAA,Male,12/6/2013,2/3/2014,99,
3AAA,Female,12/6/2013,2/3/2014,2.56,
3AAA,Female,12/6/2013,2/3/2014,3.39,
3AAA,Female,12/6/2013,2/3/2014,3.59,
3AAA,Female,12/6/2013,2/3/2014,300,x
2FF,Female,11/22/2013,2/3/2014,300,x
2FF,Female,11/22/2013,2/3/2014,300,x
2FF,Female,11/22/2013,2/3/2014,300,x
2FF,Female,11/22/2013,2/3/2014,300,x
2FF,Female,11/22/2013,2/3/2014,300,x
2FF,Female,11/22/2013,2/3/2014,300,x
2FF,Female,11/22/2013,2/3/2014,300,x
3AAA,Male,12/6/2013,2/3/2014,9.5,
3AAA,Male,12/6/2013,2/3/2014,300,x
3AAA,Male,12/6/2013,2/3/2014,300,x
3AAA,Male,12/6/2013,2/3/2014,300,x
3AAA,Male,12/6/2013,2/3/2014,300,x
3AAA,Male,12/6/2013,2/3/2014,300,x
3AAA,Male,12/6/2013,2/3/2014,300,x
3AAA,Male,12/6/2013,2/3/2014,300,x
2AAAA,Female,12/6/2013,2/3/2014,14.62,
2AAAA,Female,12/6/2013,2/3/2014,32.19,
2AAAA,Female,12/6/2013,2/3/2014,35.22,
2AAAA,Female,12/6/2013,2/3/2014,69.1,
2AAAA,Female,12/6/2013,2/3/2014,300,x
2AAAA,Female,12/6/2013,2/3/2014,300,x
Y2,Female,11/29/2013,2/3/2014,21.95,
Y2,Female,11/29/2013,2/3/2014,196.71,
Y2,Female,11/29/2013,2/3/2014,300,x
Y2,Female,11/29/2013,2/3/2014,300,x
Y2,Female,11/29/2013,2/3/2014,300,x
Y2,Female,11/29/2013,2/3/2014,300,x
2EEE,Female,11/29/2013,2/3/2014,169.25,
2EEE,Female,11/29/2013,2/3/2014,300,x
2EEE,Female,11/29/2013,2/3/2014,300,x
Y2,Female,11/29/2013,2/3/2014,98.42,
Y2,Female,11/29/2013,2/3/2014,139.97,
Y2,Female,11/29/2013,2/3/2014,300,x
Y2,Female,11/29/2013,2/3/2014,300,x
Y2,Female,11/29/2013,2/3/2014,300,x
Y2,Female,11/29/2013,2/3/2014,300,x
Y2,Male,11/29/2013,2/3/2014,67.34,
Y2,Male,11/29/2013,2/3/2014,300,x
Y2,Female,11/29/2013,2/3/2014,300,x
Y2,Female,11/29/2013,2/3/2014,300,x
Y2,Female,11/29/2013,2/3/2014,300,x
Y2,Female,11/29/2013,2/3/2014,300,x
Z2,Female,11/29/2013,2/3/2014,300,x
Z2,Female,11/29/2013,2/3/2014,300,x
Z2,Female,11/29/2013,2/3/2014,300,x
Z2,Female,11/29/2013,2/3/2014,300,x
Z2,Female,11/29/2013,2/3/2014,300,x
Z2,Female,11/29/2013,2/3/2014,300,x
Z2,Female,11/29/2013,2/3/2014,300,x
Y2,Male,11/29/2013,2/3/2014,138.06,
Y2,Male,11/29/2013,2/3/2014,300,x
Y2,Male,11/29/2013,2/3/2014,300,x
Z2,Female,11/29/2013,2/3/2014,300,x
Z2,Female,11/29/2013,2/3/2014,300,x
Z2,Female,11/29/2013,2/3/2014,300,x
Z2,Female,11/29/2013,2/3/2014,300,x
Z2,Female,11/29/2013,2/3/2014,300,x
Z2,Female,11/29/2013,2/3/2014,300,x
X2,Female,11/29/2013,2/3/2014,300,x
Y2,Female,11/29/2013,2/3/2014,121.53,
Y2,Female,11/29/2013,2/3/2014,274.96,
Y2,Female,11/29/2013,2/3/2014,300,x
,,11/29/2013,2/3/2014,,
,,11/29/2013,2/3/2014,,
,,11/29/2013,2/3/2014,,
,,11/29/2013,2/3/2014,,
,,11/29/2013,2/3/2014,,
,,11/29/2013,2/3/2014,,
,,11/29/2013,2/3/2014,,
,,11/29/2013,2/3/2014,,
,,11/29/2013,2/3/2014,,
,,11/29/2013,2/3/2014,,
,,11/29/2013,2/3/2014,,
,,11/29/2013,2/3/2014,,
,,11/29/2013,2/3/2014,,
,,11/29/2013,2/3/2014,,
,,11/29/2013,2/3/2014,,
,,11/29/2013,2/3/2014,,
,,11/29/2013,2/3/2014,,
,,11/29/2013,2/3/2014,,
,,11/29/2013,2/3/2014,,
,,11/29/2013,2/3/2014,,
,,11/29/2013,2/3/2014,,
,,11/29/2013,2/3/2014,,
,,11/29/2013,2/3/2014,,
,,11/29/2013,2/3/2014,,
,,11/29/2013,2/3/2014,,